64,2,5,2,RLCCA,1,1150992,3.4717059454921,23.820648773453375,4
64,2,5,2,RLCCA,1,1116179,21.153444114646934,20.461940251648983,8
64,2,5,2,RLCCA,1,1036292,0.5839613011750433,14.370198826067913,2
64,2,5,2,RLCCA,1,1009668,9.788945237577005,8.249344593714705,8
64,2,5,2,RLCCA,1,1083420,12.888405689046104,19.666339630870162,2
64,2,5,2,RLCCA,1,1075229,9.471122152015976,11.912239989702549,8
64,2,5,2,RLCCA,1,1003521,24.034003811911216,21.10937833244951,9
64,2,5,2,RLCCA,1,1030144,10.962232641670655,7.723466157705449,4
64,2,5,2,RLCCA,1,1171459,4.619906191895767,14.341005068356894,1
64,2,5,2,RLCCA,1,1112070,13.396612857545161,12.641821882484455,6
64,2,5,2,RLCCA,1,1060873,10.46245583770705,6.004138903865819,1
64,2,5,2,RLCCA,1,1032213,2.035346751385813,2.473808191966768,6
64,2,5,2,RLCCA,1,1130508,3.9563150761475097,14.561244315028485,6
64,2,5,2,RLCCA,1,1165327,5.0241133640989855,10.064959950668083,7
64,2,5,2,RLCCA,1,1095728,12.198428176007459,6.395136247187644,4
64,2,5,2,RLCCA,1,1065010,6.480433339943825,20.942686141974775,8
64,2,5,2,RLCCA,1,1013804,2.0806536378747085,8.801367039115785,3
64,2,5,2,RLCCA,1,1017897,5.637063751039285,4.41675263197769,2
64,2,5,2,RLCCA,1,1060919,17.722147602521275,2.185506683194811,1
64,2,5,2,RLCCA,1,1011751,23.670316531824625,1.3081807858563783,9
64,2,5,2,RLCCA,1,1089598,14.421038598616331,17.615226672286315,5
64,2,5,2,RLCCA,1,1124385,5.607750778049909,2.30000978351511,3
64,2,5,2,RLCCA,1,1093664,17.236987172125442,2.995921991728249,2
64,2,5,2,RLCCA,1,1099811,16.397676653133527,15.884091441109138,7
64,2,5,2,RLCCA,1,1126437,16.95996793401835,1.1350088299275258,2
64,2,5,2,RLCCA,1,1105957,14.677693650812111,3.342606650606533,3
64,2,5,2,RLCCA,1,1075239,5.677668438766844,14.513624204128742,2
64,2,5,2,RLCCA,1,1026104,10.638324778342376,1.0044782584851213,10
64,2,5,2,RLCCA,1,1024055,5.849684192500447,7.091702370039104,2
64,2,5,2,RLCCA,1,1165353,5.825306571043914,15.28562734274831,1
64,2,5,2,RLCCA,1,1163311,8.6491388048514,2.526852193600731,4
64,2,5,2,RLCCA,1,1108014,23.49163887272458,23.204546295619018,3
64,2,5,2,RLCCA,1,1062993,8.694811349246116,3.6512930048598466,5
64,2,5,2,RLCCA,1,1169492,15.21075019119725,17.51024029150289,9
64,2,5,2,RLCCA,1,1024071,4.183896703290674,13.175786789766157,1
64,2,5,2,RLCCA,1,1017923,11.05833823855896,7.396328812153929,7
64,2,5,2,RLCCA,1,1144924,4.878193340034972,11.500397658866358,4
64,2,5,2,RLCCA,1,1081418,7.491216796017946,7.7402866975393305,8
64,2,5,2,RLCCA,1,1046611,24.03238705007584,19.75683118051966,3
64,2,5,2,RLCCA,1,1075276,14.773454587198739,7.952632521887596,9
64,2,5,2,RLCCA,1,1095758,11.075922419436836,8.723274418200285,1
64,2,5,2,RLCCA,1,1011793,3.858872411286038,2.5533365294570896,2
64,2,5,2,RLCCA,1,1130609,13.403175382932668,1.9016631502490247,8
64,2,5,2,RLCCA,1,1011820,14.998477228025763,22.52409288750848,1
64,2,5,2,RLCCA,1,1099892,4.32427729187297,5.066448779906707,6
64,2,5,2,RLCCA,1,1144950,17.82438250458357,8.528037820896428,9
64,2,5,2,RLCCA,1,1011814,12.402794785419909,6.466671908226118,2
64,2,5,2,RLCCA,1,1005670,23.273440986542596,14.164563471026952,2
64,2,5,2,RLCCA,1,1155195,2.7415718056603815,22.395701293710967,5
64,2,5,2,RLCCA,1,1030242,10.361881833368788,10.401757327978935,2
64,2,5,2,RLCCA,1,1065059,3.6629525682263253,13.907512499589915,6
64,2,5,2,RLCCA,1,1011836,14.677177293511853,8.464803171381874,7
64,2,5,2,RLCCA,1,1130596,22.903104402479947,14.478546836944405,3
64,2,5,2,RLCCA,1,1128554,15.78370146022031,19.203338050800856,5
64,2,5,2,RLCCA,1,1009778,11.671313645303426,19.038191683692567,4
64,2,5,2,RLCCA,1,1063021,22.142804713573646,17.3936324532016,3
64,2,5,2,RLCCA,1,1044593,15.268870429182787,6.430758210548793,7
64,2,5,2,RLCCA,1,1073296,15.520348500943644,17.8080523614099,4
64,2,5,2,RLCCA,1,1065105,1.7574890797240958,12.122163797346248,2
64,2,5,2,RLCCA,1,1020045,7.96436373581837,6.221662545472271,2
64,2,5,2,RLCCA,1,1050771,5.065273961918642,17.530619088726176,2
64,2,5,2,RLCCA,1,1063059,6.8883103130654835,16.993596257611845,7
64,2,5,2,RLCCA,1,1013892,5.416183824139319,18.504374030180287,5
64,2,5,2,RLCCA,1,1024155,7.204249301134759,9.571507151479867,5
64,2,5,2,RLCCA,1,1116303,2.567860653918122,20.47920125796633,2
64,2,5,2,RLCCA,1,1067150,6.9347493717535516,2.640853576929386,2
64,2,5,2,RLCCA,1,1151119,9.194156862619497,16.86198044205016,1
64,2,5,2,RLCCA,1,1079439,12.08354226705895,1.4148715926112123,2
64,2,5,2,RLCCA,1,1140878,9.224740487503906,16.069602920134795,4
64,2,5,2,RLCCA,1,1069232,2.792797378634708,18.166179368580643,8
64,2,5,2,RLCCA,1,1075360,4.115478574353155,2.240356115447886,1
64,2,5,2,RLCCA,1,1120417,3.06012512927876,16.247839802182003,4
64,2,5,2,RLCCA,1,1042620,6.3492127383116195,18.767194997336304,3
64,2,5,2,RLCCA,1,1095844,5.779351176921226,19.603343652776765,3
64,2,5,2,RLCCA,1,1163429,15.355827671499853,14.94767183180838,10
64,2,5,2,RLCCA,1,1108132,5.025694826900486,0.681366628984061,2
64,2,5,2,RLCCA,1,1091754,22.022069483666485,21.083439987399387,4
64,2,5,2,RLCCA,1,1065130,18.06478056091568,5.617101428522709,8
64,2,5,2,RLCCA,1,1091759,1.3700148594415698,6.444848674219042,7
64,2,5,2,RLCCA,1,1016008,11.78446697670429,18.205021177465806,10
64,2,5,2,RLCCA,1,1083608,21.236168188583687,9.31029623575524,3
64,2,5,2,RLCCA,1,1032386,3.74566880923171,15.72137731543868,5
64,2,5,2,RLCCA,1,1065181,14.376270405925055,19.846922236031112,8
64,2,5,2,RLCCA,1,1034460,2.4403074355470515,23.098880350134497,8
64,2,5,2,RLCCA,1,1173698,7.399099741614904,2.50678284659762,2
64,2,5,2,RLCCA,1,1159365,9.95743653041704,6.216674735478491,8
64,2,5,2,RLCCA,1,1089733,12.43710314182744,3.8937448574149203,7
64,2,5,2,RLCCA,1,1052869,23.66425495745089,19.15997625230129,8
64,2,5,2,RLCCA,1,1155271,0.9354597561957314,19.391541571434473,7
64,2,5,2,RLCCA,1,1016024,2.724767826973995,13.132946212031259,6
64,2,5,2,RLCCA,1,1155272,14.062870983294243,17.185395999124935,9
64,2,5,2,RLCCA,1,1046741,16.10904066277642,0.11068932694446132,6
64,2,5,2,RLCCA,1,1118410,21.405145832028893,2.831742777098448,1
64,2,5,2,RLCCA,1,1063116,1.7046513461091621,1.9643312631652483,3
64,2,5,2,RLCCA,1,1028306,0.954161703283146,4.497715337389042,7
64,2,5,2,RLCCA,1,1063118,23.999241552302983,22.286533760140564,9
64,2,5,2,RLCCA,1,1024208,12.06258066367866,17.5789091546239,8
64,2,5,2,RLCCA,1,1171701,0.032281113905288095,16.535896897200182,5
64,2,5,2,RLCCA,1,1054968,9.006291330961941,21.09362344046807,7
64,2,5,2,RLCCA,1,1165560,19.91782903705761,12.086391664945594,10
64,2,5,2,RLCCA,1,1173754,2.601721752629115,11.831242461552108,2
64,2,5,2,RLCCA,1,1001726,3.813058199667923,12.692085421165622,3
64,2,5,2,RLCCA,1,1134819,23.374168791576555,15.024206637624442,9
64,2,5,2,RLCCA,1,1153255,7.314809195501131,13.93891718908999,6
64,2,5,2,RLCCA,1,1173735,24.056380486815595,13.434118050026925,9
64,2,5,2,RLCCA,1,1020151,7.860642279338555,21.56277322788619,4
64,2,5,2,RLCCA,1,1169643,0.02809476600184091,14.993874781119143,2
64,2,5,2,RLCCA,1,1014005,11.559563506317733,10.138332465163087,8
64,2,5,2,RLCCA,1,1089771,4.707602154455235,13.054383198977913,6
64,2,5,2,RLCCA,1,1001715,13.24070869528691,21.213935224935582,7
64,2,5,2,RLCCA,1,1120541,11.334442478585643,15.901226133301964,8
64,2,5,2,RLCCA,1,1089822,16.99145239333874,24.47598880092351,7
64,2,5,2,RLCCA,1,1116446,11.947945132972736,6.328140368966027,3
64,2,5,2,RLCCA,1,1163523,6.298643125304322,5.164953573419904,8
64,2,5,2,RLCCA,1,1112324,19.249335634759497,7.362349936865101,3
64,2,5,2,RLCCA,1,1112328,3.1395747840933965,14.276399292425907,4
64,2,5,2,RLCCA,1,1151240,14.51462814456977,21.851378190977794,8
64,2,5,2,RLCCA,1,1044757,7.779629816413079,4.873521941433504,5
64,2,5,2,RLCCA,1,1081651,1.7613379154150612,22.386633947540226,4
64,2,5,2,RLCCA,1,1038633,3.894446047536378,7.425108530977521,5
64,2,5,2,RLCCA,1,1112376,0.0036565855459738117,3.7779625178429646,6
64,2,5,2,RLCCA,1,1165625,20.913373880438968,2.039042817856133,9
64,2,5,2,RLCCA,1,1079611,5.057275223159117,14.552288377093822,5
64,2,5,2,RLCCA,1,1055036,12.501983058477144,11.376703552795307,2
64,2,5,2,RLCCA,1,1147169,6.746517598751661,12.267680610720097,8
64,2,5,2,RLCCA,1,1003838,8.677500230743316,22.018987177127165,3
64,2,5,2,RLCCA,1,1052962,9.060509947440856,20.155785822316957,7
64,2,5,2,RLCCA,1,1095970,13.64238659569145,3.8534938392268114,4
64,2,5,2,RLCCA,1,1159471,12.121296694608006,5.911306688927727,1
64,2,5,2,RLCCA,1,1151316,11.118436196524978,6.931168682352286,7
64,2,5,2,RLCCA,1,1069398,12.159801255421435,13.065027445301968,3
64,2,5,2,RLCCA,1,1169751,20.943565477903938,12.88917606462415,10
64,2,5,2,RLCCA,1,1036611,4.232539275734396,2.71360517956769,6
64,2,5,2,RLCCA,1,1077599,21.192280851241023,17.592721642753418,6
64,2,5,2,RLCCA,1,1124702,23.182703061298643,16.726534456997832,9
64,2,5,2,RLCCA,1,1157441,8.7410563023613,11.399276123670532,10
64,2,5,2,RLCCA,1,1048899,3.857096690744381,3.1530008755279546,6
64,2,5,2,RLCCA,1,1065283,23.906718789581184,10.5363627552629,3
64,2,5,2,RLCCA,1,1007963,13.148744507780652,24.466311508925116,7
64,2,5,2,RLCCA,1,1093960,4.5097325250390545,17.957355092650552,2
64,2,5,2,RLCCA,1,1073482,9.011732554594648,18.519050954007596,9
64,2,5,2,RLCCA,1,1028434,14.700508975682713,0.4505742960947158,8
64,2,5,2,RLCCA,1,1044840,6.502627529219418,3.0115664562069764,9
64,2,5,2,RLCCA,1,1108346,5.7447577007063675,2.4423150755679277,1
64,2,5,2,RLCCA,1,1001828,19.450052214669494,21.97525505024849,4
64,2,5,2,RLCCA,1,1016162,5.026336773074528,18.390370820194804,10
64,2,5,2,RLCCA,1,1155427,18.15298903256188,0.4383102425889076,2
64,2,5,2,RLCCA,1,1118562,13.702932886817223,23.4140623577025,8
64,2,5,2,RLCCA,1,1014139,6.468863040055073,20.536567389581332,2
64,2,5,2,RLCCA,1,1114471,4.353580289911415,13.925674618768667,5
64,2,5,2,RLCCA,1,1010041,3.351841930638822,21.846582170025176,2
64,2,5,2,RLCCA,1,1173863,18.884181601192065,5.903740670071695,3
64,2,5,2,RLCCA,1,1028472,9.976632254029346,16.62794660303398,8
64,2,5,2,RLCCA,1,1128812,17.596445661199915,15.4777119089339,5
64,2,5,2,RLCCA,1,1165676,19.152027779243586,3.9246275083211897,9
64,2,5,2,RLCCA,1,1102191,16.926730338436684,15.391605496090223,1
64,2,5,2,RLCCA,1,1001840,4.911097680319811,19.682988990133538,3
64,2,5,2,RLCCA,1,1038735,6.940726714541006,4.7436509488001235,8
64,2,5,2,RLCCA,1,1173907,22.54793600920224,9.612007217417672,3
64,2,5,2,RLCCA,1,1106322,18.551903149313926,15.053445824085545,4
64,2,5,2,RLCCA,1,1102227,5.4341980704297725,20.880375446108843,8
64,2,5,2,RLCCA,1,1145234,14.596959832520227,22.36156529360223,8
64,2,5,2,RLCCA,1,1038731,20.99735932834981,24.086127743490007,6
64,2,5,2,RLCCA,1,1069460,23.77085947352093,19.773571855711154,10
64,2,5,2,RLCCA,1,1032584,15.968228981994645,12.578238405820933,3
64,2,5,2,RLCCA,1,1139097,5.713986494480768,8.292636242125166,7
64,2,5,2,RLCCA,1,1077657,1.337224828555275,5.879898646434457,6
64,2,5,2,RLCCA,1,1038725,20.781583112981814,8.770882275255474,2
64,2,5,2,RLCCA,1,1001858,5.23028981036772,6.888588252643501,2
64,2,5,2,RLCCA,1,1030559,15.249072428145281,12.722796962454787,2
64,2,5,2,RLCCA,1,1112449,1.4193231625493752,7.0165052682386175,9
64,2,5,2,RLCCA,1,1087874,2.026888155016048,5.232525880375645,4
64,2,5,2,RLCCA,1,1153412,22.048308707644455,10.37558782298091,5
64,2,5,2,RLCCA,1,1102214,16.727266972668218,14.043700798155964,2
64,2,5,2,RLCCA,1,1044888,7.867150874259824,19.536852910372097,7
64,2,5,2,RLCCA,1,1075596,14.446996806424492,19.32135745195767,5
64,2,5,2,RLCCA,1,1044909,2.8885538112558593,12.101896266225134,2
64,2,5,2,RLCCA,1,1053110,23.938951795853136,23.603886680712264,3
64,2,5,2,RLCCA,1,1114553,1.0871767272147939,18.556729699879835,2
64,2,5,2,RLCCA,1,1173947,13.447638611428534,21.57025411557699,8
64,2,5,2,RLCCA,1,1059261,8.984807658842048,0.4770261193564503,1
64,2,5,2,RLCCA,1,1008033,24.54850126976649,17.41881708452015,4
64,2,5,2,RLCCA,1,1089983,2.8202419773173393,1.0616378595904836,8
64,2,5,2,RLCCA,1,1077668,24.910539369652184,12.953243114142603,4
64,2,5,2,RLCCA,1,1059239,24.389320177929374,23.409896336330902,6
64,2,5,2,RLCCA,1,1044918,5.437253088081054,11.754167628851487,3
64,2,5,2,RLCCA,1,1124778,5.085568570583291,18.324503648893213,4
64,2,5,2,RLCCA,1,1001907,15.890539398453377,23.107554479895846,6
64,2,5,2,RLCCA,1,1036722,6.448444522073636,15.09484362802865,2
64,2,5,2,RLCCA,1,1149358,17.220148755764207,19.87649855821126,5
64,2,5,2,RLCCA,1,1098195,12.633962627750934,23.73504680734855,6
64,2,5,2,RLCCA,1,1014220,10.394160733754113,16.44551642233331,1
64,2,5,2,RLCCA,1,1094099,8.147594860655781,0.2697399849395756,2
64,2,5,2,RLCCA,1,1143257,1.1086088955580626,0.7908513165352948,4
64,2,5,2,RLCCA,1,1067483,24.416350840604,20.575382451661802,5
64,2,5,2,RLCCA,1,1030596,3.3919221483957265,7.1995190197196965,7
64,2,5,2,RLCCA,1,1057245,18.868457559419483,8.035526287059424,2
64,2,5,2,RLCCA,1,1141193,20.012627823105955,0.6896794135571929,2
64,2,5,2,RLCCA,1,1159625,10.750385310278016,12.368928953728561,10
64,2,5,2,RLCCA,1,1003985,15.16334726585708,1.0735313772038708,7
64,2,5,2,RLCCA,1,1044975,0.008986996149636717,7.519649329841815,1
64,2,5,2,RLCCA,1,1137136,7.241839955686551,6.821030989927359,8
64,2,5,2,RLCCA,1,1094133,13.261806072578397,5.06715527402108,8
64,2,5,2,RLCCA,1,1061368,17.51480374827065,11.025970641243957,3
64,2,5,2,RLCCA,1,1079800,14.144345490604834,0.6279734420379379,2
64,2,5,2,RLCCA,1,1006048,7.05599474228425,0.08800511853731807,6
64,2,5,2,RLCCA,1,1038845,20.639132899369187,11.198453123421757,9
64,2,5,2,RLCCA,1,1044981,7.639142329063438,24.182661486108742,7
64,2,5,2,RLCCA,1,1006068,1.716937353589107,0.37378775199832515,8
64,2,5,2,RLCCA,1,1083883,9.146251515525353,3.7435396703186687,8
64,2,5,2,RLCCA,1,1165804,24.702446581120075,14.116820115685693,4
64,2,5,2,RLCCA,1,1030641,13.361527932985576,14.15029202821744,8
64,2,5,2,RLCCA,1,1008113,17.048252126122442,16.69187687201742,3
64,2,5,2,RLCCA,1,1057297,2.2512988518267663,18.021056811087156,5
64,2,5,2,RLCCA,1,1114645,8.080724171178394,2.5287434718280304,4
64,2,5,2,RLCCA,1,1145364,3.944427560364968,20.27279072618476,8
64,2,5,2,RLCCA,1,1171991,3.8874977318729176,20.13094022696398,3
64,2,5,2,RLCCA,1,1161751,3.341893059408311,0.6438543344992791,8
64,2,5,2,RLCCA,1,1083928,9.12498216122297,21.15963011600373,8
64,2,5,2,RLCCA,1,1139227,21.84991700227435,15.55335374198016,3
64,2,5,2,RLCCA,1,1112602,20.063846264106576,12.210383135029128,9
64,2,5,2,RLCCA,1,1135130,0.052422857030214765,18.680859024473712,5
64,2,5,2,RLCCA,1,1092098,3.735404512000229,6.631174877335543,1
64,2,5,2,RLCCA,1,1128964,7.359305983857437,4.298325566051887,8
64,2,5,2,RLCCA,1,1151494,12.026184677075273,2.4975909262313047,8
64,2,5,2,RLCCA,1,1047056,15.773124345459513,4.963060863305489,10
64,2,5,2,RLCCA,1,1157682,4.118811147076267,5.400124781940237,4
64,2,5,2,RLCCA,1,1110581,10.738180904158328,4.127707126508975,2
64,2,5,2,RLCCA,1,1165879,18.60847484345296,20.507305737900413,9
64,2,5,2,RLCCA,1,1028646,17.8181921061254,13.07065684184843,9
64,2,5,2,RLCCA,1,1081914,3.3931693084947288,6.721386755765271,4
64,2,5,2,RLCCA,1,1016352,8.613064702353048,5.0352630908382965,2
64,2,5,2,RLCCA,1,1049151,17.94538562376145,13.795474916742934,9
64,2,5,2,RLCCA,1,1096255,11.021738087503547,12.903169735925077,9
64,2,5,2,RLCCA,1,1118754,3.2139453887517453,23.169962143130373,4
64,2,5,2,RLCCA,1,1165861,7.097227146412163,17.132299837083917,1
64,2,5,2,RLCCA,1,1143332,4.545790484374226,15.95538341367071,10
64,2,5,2,RLCCA,1,1026618,7.438641499507306,7.894275630745863,9
64,2,5,2,RLCCA,1,1045044,18.669758954896096,0.396583844497081,10
64,2,5,2,RLCCA,1,1118765,7.58292497489125,5.20432484103208,8
64,2,5,2,RLCCA,1,1122860,12.678033635147832,10.801473872388833,3
64,2,5,2,RLCCA,1,1094189,8.010516719685526,15.25645168844334,9
64,2,5,2,RLCCA,1,1022542,3.4984475259659247,20.95944264511149,4
64,2,5,2,RLCCA,1,1049171,9.022847900611685,1.6812867692295481,6
64,2,5,2,RLCCA,1,1000009,15.111283371773347,0.12543154636253107,4
64,2,5,2,RLCCA,1,1081943,10.845690649003766,4.108557153415548,4
64,2,5,2,RLCCA,1,1032774,15.375915239257033,20.14259009944413,4
64,2,5,2,RLCCA,1,1073754,21.811448612476838,7.809762177280627,3
64,2,5,2,RLCCA,1,1155674,22.87491490257519,16.334873650430794,3
64,2,5,2,RLCCA,1,1008195,7.5783799409887855,13.504146867046504,2
64,2,5,2,RLCCA,1,1063516,17.71367513211169,4.600429480107458,10
64,2,5,2,RLCCA,1,1059423,13.705475889718954,10.433241395239442,10
64,2,5,2,RLCCA,1,1081951,0.9962859161549309,1.934005813028997,3
64,2,5,2,RLCCA,1,1032793,20.660751419565834,22.640826918765608,9
64,2,5,2,RLCCA,1,1174089,5.964032929303603,17.46932263006819,4
64,2,5,2,RLCCA,1,1059405,16.314636057286663,12.977340357446923,7
64,2,5,2,RLCCA,1,1000016,7.109283481716281,2.208789537354593,6
64,2,5,2,RLCCA,1,1010283,3.2475602753874195,17.36561090640447,8
64,2,5,2,RLCCA,1,1092219,6.9526411667617465,8.404320179670394,6
64,2,5,2,RLCCA,1,1071712,20.80288154578107,19.700236776933227,5
64,2,5,2,RLCCA,1,1073761,5.051193944210974,1.2832998563993443,1
64,2,5,2,RLCCA,1,1024637,2.339999331816303,3.1382941106422146,8
64,2,5,2,RLCCA,1,1100390,2.3720508205316526,16.630661763309874,4
64,2,5,2,RLCCA,1,1147497,4.939152692016042,2.6500086063680817,2
64,2,5,2,RLCCA,1,1020533,8.610282158132204,16.248777871271304,10
64,2,5,2,RLCCA,1,1155695,2.371437718959145,0.8007205241027312,1
64,2,5,2,RLCCA,1,1032844,6.705146620589454,13.777440108035771,2
64,2,5,2,RLCCA,1,1041035,14.748113940078468,7.477474858899028,3
64,2,5,2,RLCCA,1,1104533,17.398593909037796,5.455571466904313,2
64,2,5,2,RLCCA,1,1118868,22.236334925798484,11.977489377666934,9
64,2,5,2,RLCCA,1,1071770,13.518693908454322,4.707335093213345,2
64,2,5,2,RLCCA,1,1047171,14.54048420791436,17.750687275080622,7
64,2,5,2,RLCCA,1,1026689,7.284004273388184,11.960583091640679,8
64,2,5,2,RLCCA,1,1045121,15.85922213656498,3.0756606038513157,10
64,2,5,2,RLCCA,1,1059461,9.787080614336933,4.630175990310429,5
64,2,5,2,RLCCA,1,1110664,6.7138543579835925,22.56863189889982,4
64,2,5,2,RLCCA,1,1016469,20.720593433446147,9.624549901142807,3
64,2,5,2,RLCCA,1,1104526,5.61340919823406,12.997236574742645,1
64,2,5,2,RLCCA,1,1098382,7.167874253157995,21.756044203902096,1
64,2,5,2,RLCCA,1,1006254,21.3048953303107,15.194581795878737,9
64,2,5,2,RLCCA,1,1045166,13.825438721115061,7.2755720955402206,9
64,2,5,2,RLCCA,1,1014446,20.762634766745315,1.6335319533407817,2
64,2,5,2,RLCCA,1,1166002,0.9487645469575812,16.161795897637745,8
64,2,5,2,RLCCA,1,1071797,6.264885647619804,5.0467264322349585,2
64,2,5,2,RLCCA,1,1086133,6.225929282738318,17.75385826710218,4
64,2,5,2,RLCCA,1,1098423,15.475696239823554,14.048869351011778,9
64,2,5,2,RLCCA,1,1071800,4.168364984727119,16.603766170672053,4
64,2,5,2,RLCCA,1,1026727,6.153172645723912,3.2873585258697884,6
64,2,5,2,RLCCA,1,1014439,15.63291086573541,16.44065521156987,7
64,2,5,2,RLCCA,1,1166011,10.081128112988004,20.4063233519769,8
64,2,5,2,RLCCA,1,1145533,21.283778204622195,0.4713676208602515,9
64,2,5,2,RLCCA,1,1127103,2.8281911310423133,14.241662345123233,2
64,2,5,2,RLCCA,1,1147583,3.834476452662141,23.628526039367383,6
64,2,5,2,RLCCA,1,1045183,1.3003173633139724,9.24924228157367,6
64,2,5,2,RLCCA,1,1049250,15.962252168122223,8.68398880576351,5
64,2,5,2,RLCCA,1,1022652,1.5890493778806922,22.003616034865846,4
64,2,5,2,RLCCA,1,1043131,24.704681433586966,22.631280272419772,3
64,2,5,2,RLCCA,1,1047223,3.933111179181443,13.45760030952022,5
64,2,5,2,RLCCA,1,1059501,15.882829783758575,13.199540653065679,9
64,2,5,2,RLCCA,1,1075885,24.12565276578669,1.8674222719953963,9
64,2,5,2,RLCCA,1,1100462,2.203755465548789,18.589576616704857,4
64,2,5,2,RLCCA,1,1112750,22.740586768244512,18.430891386769638,8
64,2,5,2,RLCCA,1,1135315,5.442579895948077,22.02661894103629,1
64,2,5,2,RLCCA,1,1041098,13.720217527439505,18.335982223072495,9
64,2,5,2,RLCCA,1,1002185,12.64647120658409,6.034496446549231,3
64,2,5,2,RLCCA,1,1088214,5.874804481769818,6.432369668010936,8
64,2,5,2,RLCCA,1,1174232,22.995697358966773,11.248947554016867,3
64,2,5,2,RLCCA,1,1108697,8.477318401881472,20.247338433591207,3
64,2,5,2,RLCCA,1,1100507,20.560256780952024,11.246643917096186,10
64,2,5,2,RLCCA,1,1055453,11.141771771856613,18.944157864815217,3
64,2,5,2,RLCCA,1,1030850,14.676979227294341,6.277313086531812,2
64,2,5,2,RLCCA,1,1020608,6.836940481217744,11.414343223266512,4
64,2,5,2,RLCCA,1,1090247,12.547591056185727,13.362157012154084,3
64,2,5,2,RLCCA,1,1172166,13.637208013046305,24.24572265685373,1
64,2,5,2,RLCCA,1,1057483,20.039171718149177,21.277603668963287,6
64,2,5,2,RLCCA,1,1067724,18.004683613866487,24.288737649548775,4
64,2,5,2,RLCCA,1,1028818,5.70434865015989,5.08612950011803,4
64,2,5,2,RLCCA,1,1139407,7.4608323094024245,9.80415816158208,7
64,2,5,2,RLCCA,1,1002192,5.176467226449278,4.201406378760565,6
64,2,5,2,RLCCA,1,1147636,13.644109232374074,4.037556787425393,9
64,2,5,2,RLCCA,1,1127160,16.99074063781046,14.543701815834517,8
64,2,5,2,RLCCA,1,1100539,2.684591297709537,18.155514309765227,5
64,2,5,2,RLCCA,1,1075963,1.362941351516434,10.396830442901283,6
64,2,5,2,RLCCA,1,1010402,3.482563329364422,4.666678277981575,3
64,2,5,2,RLCCA,1,1014497,11.785057827217045,19.970619930075426,3
64,2,5,2,RLCCA,1,1026784,13.819696413442358,21.399551314682636,3
64,2,5,2,RLCCA,1,1045242,10.897961074363604,24.28700352603543,7
64,2,5,2,RLCCA,1,1061612,5.141168461265895,7.072706619217909,5
64,2,5,2,RLCCA,1,1164013,11.12620764504081,17.791760772742432,5
64,2,5,2,RLCCA,1,1026802,4.56996020661402,9.48987521065538,1
64,2,5,2,RLCCA,1,1168153,4.623130671707772,13.00204892415432,4
64,2,5,2,RLCCA,1,1082138,17.177381800716084,11.841292315434035,7
64,2,5,2,RLCCA,1,1141533,19.107113767506004,5.188105901256568,3
64,2,5,2,RLCCA,1,1022723,12.1818916679535,5.162161162264651,5
64,2,5,2,RLCCA,1,1047296,1.2692444569016403,1.425866352199983,1
64,2,5,2,RLCCA,1,1139458,19.107714816309517,19.87135621137986,5
64,2,5,2,RLCCA,1,1000220,22.25429866861872,24.141959754736977,7
64,2,5,2,RLCCA,1,1116930,21.4777941498341,20.732258853377907,7
64,2,5,2,RLCCA,1,1082116,21.27527607485975,20.84289440633007,5
64,2,5,2,RLCCA,1,1090308,10.685049393756996,7.693794303486385,8
64,2,5,2,RLCCA,1,1137413,2.178748916623576,1.7219512212649775,8
64,2,5,2,RLCCA,1,1065733,1.8991762474646006,1.3757705837719052,5
64,2,5,2,RLCCA,1,1014552,9.63947776299732,7.164032590666954,2
64,2,5,2,RLCCA,1,1170182,11.726897658092675,14.278541061284816,9
64,2,5,2,RLCCA,1,1096456,20.728659074963826,19.131431769224577,9
64,2,5,2,RLCCA,1,1020692,11.962875853859199,4.754652658405844,1
64,2,5,2,RLCCA,1,1174285,11.642721949666575,17.452524888846302,2
64,2,5,2,RLCCA,1,1006355,4.868507576560745,3.3822224830900045,2
64,2,5,2,RLCCA,1,1151757,14.442612170944841,1.9200120574455823,9
64,2,5,2,RLCCA,1,1108750,14.5558355464625,5.566823644017189,2
64,2,5,2,RLCCA,1,1121038,8.931428444595268,15.142774762976169,2
64,2,5,2,RLCCA,1,1100559,22.54084297850755,22.47757471005097,3
64,2,5,2,RLCCA,1,1078064,13.794604296521577,4.601395279426248,2
64,2,5,2,RLCCA,1,1049392,5.061600948443231,7.140587538702341,6
64,2,5,2,RLCCA,1,1096508,6.712739145156767,22.667861184058623,7
64,2,5,2,RLCCA,1,1116989,17.604104542022878,1.0036958239375178,7
64,2,5,2,RLCCA,1,1041185,8.628518417006084,14.243688037291763,8
64,2,5,2,RLCCA,1,1141567,23.919141959435333,15.562996038685613,4
64,2,5,2,RLCCA,1,1094433,12.924194460166216,21.664236715433283,9
64,2,5,2,RLCCA,1,1028920,12.699402919272995,16.502766080897633,8
64,2,5,2,RLCCA,1,1067816,16.98471547186992,21.66002321884512,5
64,2,5,2,RLCCA,1,1149737,17.240027302680982,23.94544984474092,6
64,2,5,2,RLCCA,1,1129256,21.443588750124487,20.289936851604804,3
64,2,5,2,RLCCA,1,1098541,4.377981348306198,13.831000789946701,1
64,2,5,2,RLCCA,1,1045296,12.248408314136967,7.012349928197019,9
64,2,5,2,RLCCA,1,1041230,15.845944313744816,16.81412290791108,7
64,2,5,2,RLCCA,1,1155925,1.8851500690800054,3.66700339380891,5
64,2,5,2,RLCCA,1,1020747,24.54271234871503,12.666528344082824,7
64,2,5,2,RLCCA,1,1170260,24.576323575019345,19.62623873279305,8
64,2,5,2,RLCCA,1,1160023,14.33921428243708,1.2767893093233749,3
64,2,5,2,RLCCA,1,1133398,8.71876783834161,8.6615384684436,2
64,2,5,2,RLCCA,1,1106777,12.680360282494847,18.732213735058593,8
64,2,5,2,RLCCA,1,1045315,9.281174739197358,0.44158400172281365,4
64,2,5,2,RLCCA,1,1164099,13.419070120134135,6.4160590767863805,7
64,2,5,2,RLCCA,1,1041244,22.114415475338735,19.91981100122799,6
64,2,5,2,RLCCA,1,1082183,19.006948254991602,13.20392361841714,10
64,2,5,2,RLCCA,1,1067848,12.534181174184676,19.99628241109316,8
64,2,5,2,RLCCA,1,1139529,23.776511356013952,22.707749264157236,4
64,2,5,2,RLCCA,1,1063756,15.208166879753255,19.88957289859182,7
64,2,5,2,RLCCA,1,1162097,11.229605281369295,18.48711157994498,4
64,2,5,2,RLCCA,1,1117043,12.387275609071741,7.851595278763145,8
64,2,5,2,RLCCA,1,1102709,11.564491157449153,1.7747994829323162,2
64,2,5,2,RLCCA,1,1170299,12.091930236080218,9.272119962365885,3
64,2,5,2,RLCCA,1,1014624,17.77180595417927,23.121708846853178,8
64,2,5,2,RLCCA,1,1031039,10.793215237539851,5.022415407682517,7
64,2,5,2,RLCCA,1,1026942,11.588144413397197,6.676286408375635,5
64,2,5,2,RLCCA,1,1080161,11.437788099659265,14.310007874558693,1
64,2,5,2,RLCCA,1,1174371,14.07297684169485,15.670191990876596,4
64,2,5,2,RLCCA,1,1071976,10.691690108629246,1.146902610898404,8
64,2,5,2,RLCCA,1,1065834,9.882865544384778,1.819460006672899,8
64,2,5,2,RLCCA,1,1147754,8.087912832668502,23.076245177308373,7
64,2,5,2,RLCCA,1,1035122,15.773707986809216,6.42233311435842,7
64,2,5,2,RLCCA,1,1131375,18.360932169463247,2.6942818894892664,8
64,2,5,2,RLCCA,1,1047409,13.031312815103398,2.1102870644345457,1
64,2,5,2,RLCCA,1,1065839,1.4407865490049523,0.649261742011515,8
64,2,5,2,RLCCA,1,1121168,1.8760246464773687,16.437264021660777,8
64,2,5,2,RLCCA,1,1137554,21.67278782101457,7.884908023555104,3
64,2,5,2,RLCCA,1,1108883,2.9789930381224963,3.6162080075107093,8
64,2,5,2,RLCCA,1,1016710,7.509981769980767,16.168111656157034,5
64,2,5,2,RLCCA,1,1108891,19.7453384302483,22.33834072531798,6
64,2,5,2,RLCCA,1,1000351,2.4343586436298246,1.9074373933141957,5
64,2,5,2,RLCCA,1,1090434,17.354939165682875,0.5357804424698855,9
64,2,5,2,RLCCA,1,1047453,3.525846496931763,20.63456767012994,8
64,2,5,2,RLCCA,1,1072003,17.89052065693679,17.096918067945072,4
64,2,5,2,RLCCA,1,1170308,24.145977486485776,22.577743289648417,3
64,2,5,2,RLCCA,1,1158022,8.826649095025806,7.416002145025635,7
64,2,5,2,RLCCA,1,1010584,19.223927924947404,23.49936770613491,2
64,2,5,2,RLCCA,1,1072010,6.460470986249156,4.07741758948206,3
64,2,5,2,RLCCA,1,1014677,9.850448091792554,22.978175626413197,9
64,2,5,2,RLCCA,1,1000336,0.7706059665398973,14.077331901360813,3
64,2,5,2,RLCCA,1,1164174,9.20826767971236,4.822830466760674,8
64,2,5,2,RLCCA,1,1012654,10.50553048514385,6.015043142776533,1
64,2,5,2,RLCCA,1,1061810,2.5011105738530794,22.91982027546826,4
64,2,5,2,RLCCA,1,1010599,6.207718308663928,17.946829430774685,6
64,2,5,2,RLCCA,1,1082297,16.631708264517535,12.897721986183264,3
64,2,5,2,RLCCA,1,1069985,16.05476953149598,21.138822351544256,8
64,2,5,2,RLCCA,1,1170339,13.780533531032209,14.422741652880452,6
64,2,5,2,RLCCA,1,1000380,11.508393097398354,18.229481884184633,3
64,2,5,2,RLCCA,1,1106853,23.458557332444183,18.220331047767107,9
64,2,5,2,RLCCA,1,1026995,8.853601924628073,19.777238968571123,10
64,2,5,2,RLCCA,1,1168300,11.419377818090295,20.32340762871993,3
64,2,5,2,RLCCA,1,1104814,2.5386347299044854,5.606486306481799,5
64,2,5,2,RLCCA,1,1088431,15.484595280159281,7.050878249001109,7
64,2,5,2,RLCCA,1,1078225,1.3113670416842633,22.469590114511387,8
64,2,5,2,RLCCA,1,1055699,5.0829140702950255,1.0310060246650876,5
64,2,5,2,RLCCA,1,1002444,3.7810526753177394,5.368213732740245,1
64,2,5,2,RLCCA,1,1135577,19.87750640046481,11.532895362711034,8
64,2,5,2,RLCCA,1,1104858,11.475716791759572,16.868755777741946,1
64,2,5,2,RLCCA,1,1074138,12.944958016702948,3.1957677838189644,8
64,2,5,2,RLCCA,1,1147869,22.1511245600659,8.998851629600157,9
64,2,5,2,RLCCA,1,1074120,1.9870935253588033,2.796711472301186,2
64,2,5,2,RLCCA,1,1096650,16.885701115844444,12.40346721400742,9
64,2,5,2,RLCCA,1,1067979,4.087887945665654,9.343156113266636,2
64,2,5,2,RLCCA,1,1164236,7.7630648571845855,10.67907841065842,8
64,2,5,2,RLCCA,1,1002449,6.851797419960785,10.778413625873334,6
64,2,5,2,RLCCA,1,1039343,0.20537105038174364,5.873718913976299,5
64,2,5,2,RLCCA,1,1145842,15.017650811249592,12.34086440002423,7
64,2,5,2,RLCCA,1,1088503,24.437144055621538,22.573523182140885,3
64,2,5,2,RLCCA,1,1172472,6.581726966668604,18.427452677698597,8
64,2,5,2,RLCCA,1,1057786,19.071629970292918,22.648512341605592,7
64,2,5,2,RLCCA,1,1135610,10.730193904272475,11.776600959385208,1
64,2,5,2,RLCCA,1,1086462,0.5103579698247436,9.783577906543396,7
64,2,5,2,RLCCA,1,1035261,4.573409855961362,20.819346741464162,5
64,2,5,2,RLCCA,1,1090533,11.300836146049054,14.34562796812344,5
64,2,5,2,RLCCA,1,1113065,11.99346853626345,3.8389387442419274,4
64,2,5,2,RLCCA,1,1125355,24.27893727680335,16.01760846224135,10
64,2,5,2,RLCCA,1,1113070,23.08132653500073,12.681819961502036,9
64,2,5,2,RLCCA,1,1164270,3.3750865909225634,1.7394413980716612,3
64,2,5,2,RLCCA,1,1166363,8.735371349384021,20.101435336296042,8
64,2,5,2,RLCCA,1,1049627,20.551484077923813,6.107708713472718,3
64,2,5,2,RLCCA,1,1027076,5.715266761611364,0.07954323878028946,2
64,2,5,2,RLCCA,1,1014814,21.683121562803823,20.6765939288796,4
64,2,5,2,RLCCA,1,1121282,9.504024150141518,4.100386167470559,4
64,2,5,2,RLCCA,1,1057796,11.016509772338722,4.223190770109761,7
64,2,5,2,RLCCA,1,1168391,18.455388235614386,23.106746868975105,3
64,2,5,2,RLCCA,1,1166344,23.258859600685092,23.59880928140453,6
64,2,5,2,RLCCA,1,1104909,13.912939080100207,21.435283579976826,8
64,2,5,2,RLCCA,1,1057806,3.9686896947371366,24.50969335840332,7
64,2,5,2,RLCCA,1,1147918,16.805062151786274,16.68026467275376,8
64,2,5,2,RLCCA,1,1127438,9.896118983560712,8.924709937001536,4
64,2,5,2,RLCCA,1,1123376,0.9924061501341574,23.934464225274784,4
64,2,5,2,RLCCA,1,1145907,23.936973747808498,24.831254641096173,6
64,2,5,2,RLCCA,1,1086517,24.477593480306986,0.45463952503832056,4
64,2,5,2,RLCCA,1,1006631,3.8432253006419224,13.190412460008716,3
64,2,5,2,RLCCA,1,1010725,4.518101997118945,2.0565121937693354,2
64,2,5,2,RLCCA,1,1047585,14.707300452011294,23.703958377420925,3
64,2,5,2,RLCCA,1,1170495,14.267035183651192,11.94271032696528,8
64,2,5,2,RLCCA,1,1018940,12.972202308592205,24.589507624497536,7
64,2,5,2,RLCCA,1,1045564,6.82770562970716,4.081184859504194,6
64,2,5,2,RLCCA,1,1059877,17.068838329801725,17.516692756294532,3
64,2,5,2,RLCCA,1,1035322,6.522432450074895,7.266988849005331,8
64,2,5,2,RLCCA,1,1016888,21.089644604291628,21.645258495560867,5
64,2,5,2,RLCCA,1,1143849,17.32361989118383,17.219856354757294,9
64,2,5,2,RLCCA,1,1104937,19.791070807013504,15.332414893714247,9
64,2,5,2,RLCCA,1,1027125,22.325070642080064,12.29090580124204,7
64,2,5,2,RLCCA,1,1096746,5.162384408518877,4.04274676633951,8
64,2,5,2,RLCCA,1,1000497,10.798071823678423,1.9336333083666748,8
64,2,5,2,RLCCA,1,1045582,7.453478969271448,7.60501805065256,1
64,2,5,2,RLCCA,1,1004622,18.05590049441151,2.7419392136502414,4
64,2,5,2,RLCCA,1,1088597,14.416629663127544,0.49511200081961976,1
64,2,5,2,RLCCA,1,1029191,9.632534459015895,19.308157794365076,1
64,2,5,2,RLCCA,1,1109083,1.0859132989396791,18.782011386133604,2
64,2,5,2,RLCCA,1,1152093,7.118367998575952,4.219432949635971,9
64,2,5,2,RLCCA,1,1158236,2.4341069604606553,1.4578204601326332,1
64,2,5,2,RLCCA,1,1000512,11.605186666173138,5.224158034073455,5
64,2,5,2,RLCCA,1,1066051,14.06671149540207,9.920353557668113,3
64,2,5,2,RLCCA,1,1037404,13.860038544112419,7.5770861777915535,2
64,2,5,2,RLCCA,1,1119300,9.088605822917803,0.375869653742945,1
64,2,5,2,RLCCA,1,1061961,2.4694897956527653,2.0072978337184653,4
64,2,5,2,RLCCA,1,1104970,11.619300989129668,14.096159199726921,9
64,2,5,2,RLCCA,1,1023060,24.547522987826376,17.019650225911924,4
64,2,5,2,RLCCA,1,1088588,6.079864484318298,22.79343751026924,8
64,2,5,2,RLCCA,1,1174605,14.022882289540258,22.84330948852531,10
64,2,5,2,RLCCA,1,1066097,5.29645609495849,8.387056498421423,7
64,2,5,2,RLCCA,1,1000557,4.04978445875179,22.358505753319903,5
64,2,5,2,RLCCA,1,1158259,8.322576878271514,19.5335421120585,5
64,2,5,2,RLCCA,1,1117303,16.082902811927994,24.924574410870314,8
64,2,5,2,RLCCA,1,1141882,7.09688953037228,1.4374953711289318,3
64,2,5,2,RLCCA,1,1045603,2.943202548630396,0.25354918557273587,4
64,2,5,2,RLCCA,1,1121377,5.560080341676923,22.08167291026648,2
64,2,5,2,RLCCA,1,1148003,1.1602697552795331,15.99665062398413,2
64,2,5,2,RLCCA,1,1121383,16.595864633475966,12.314491456428062,7
64,2,5,2,RLCCA,1,1088615,23.630878575533558,14.823336416796456,9
64,2,5,2,RLCCA,1,1025144,18.588522949217285,1.0746554498458163,9
64,2,5,2,RLCCA,1,1027191,20.82448286801209,6.135695016961518,10
64,2,5,2,RLCCA,1,1066089,8.269467900201143,15.860768702918929,8
64,2,5,2,RLCCA,1,1055850,8.961537478093389,12.506418125775204,2
64,2,5,2,RLCCA,1,1047669,12.617630997729709,23.466505499633605,3
64,2,5,2,RLCCA,1,1025140,4.771816328608331,12.405693046268588,5
64,2,5,2,RLCCA,1,1150062,20.67063025828633,18.397755500969794,3
64,2,5,2,RLCCA,1,1064080,19.763003710600096,9.325379111090902,8
64,2,5,2,RLCCA,1,1057937,9.308405834681713,5.757327159794501,8
64,2,5,2,RLCCA,1,1010829,7.432934012801534,23.363614806643604,4
64,2,5,2,RLCCA,1,1154197,18.814859096755818,5.215232783148444,3
64,2,5,2,RLCCA,1,1125533,7.86817312789891,22.06539415817955,4
64,2,5,2,RLCCA,1,1098880,2.015685561586143,9.595306149217656,2
64,2,5,2,RLCCA,1,1137793,3.6822915046106512,7.931923074583077,3
64,2,5,2,RLCCA,1,1002651,0.6704076449800499,3.6804370949350496,6
64,2,5,2,RLCCA,1,1133701,5.013431819387191,19.232917711010792,4
64,2,5,2,RLCCA,1,1041558,7.537236309260578,1.1612237550064133,6
64,2,5,2,RLCCA,1,1133706,8.080250606548136,9.065890293374107,5
64,2,5,2,RLCCA,1,1031315,23.424983614228797,24.4885756318673,6
64,2,5,2,RLCCA,1,1166478,9.089400346976202,16.2160471589245,4
64,2,5,2,RLCCA,1,1111217,15.57347388645785,24.32474783682702,6
64,2,5,2,RLCCA,1,1027243,15.922681332641368,19.360548504278942,8
64,2,5,2,RLCCA,1,1154230,2.7978736838869387,5.19124463197958,1
64,2,5,2,RLCCA,1,1057977,9.539212638135295,10.424232403621659,5
64,2,5,2,RLCCA,1,1168568,22.18171047957054,19.328308902307864,3
64,2,5,2,RLCCA,1,1035454,18.716742403049576,2.6742671119012926,10
64,2,5,2,RLCCA,1,1117349,11.84465947311249,15.168835682121015,5
64,2,5,2,RLCCA,1,1039544,10.091314565962609,11.986657924842678,6
64,2,5,2,RLCCA,1,1045687,21.560584662659856,24.121029317669844,4
64,2,5,2,RLCCA,1,1131691,7.626580120447629,2.8620522359379317,3
64,2,5,2,RLCCA,1,1070288,6.221384551520269,9.00557592680121,1
64,2,5,2,RLCCA,1,1088730,18.104145350232073,20.54914021978672,4
64,2,5,2,RLCCA,1,1125594,18.39349187237992,9.998619213321554,10
64,2,5,2,RLCCA,1,1162461,16.13270838269149,17.20156791523695,5
64,2,5,2,RLCCA,1,1023197,11.409167773411072,5.301201763471022,2
64,2,5,2,RLCCA,1,1074370,17.039456733161927,24.92180793577598,6
64,2,5,2,RLCCA,1,1002717,21.21742842770801,8.819198025528667,10
64,2,5,2,RLCCA,1,1012956,5.248055309422591,22.24166709174863,8
64,2,5,2,RLCCA,1,1021144,15.094693448730357,20.697948809565755,5
64,2,5,2,RLCCA,1,1035478,24.250626853202757,23.91296872151764,6
64,2,5,2,RLCCA,1,1008852,24.84774282126935,11.034571458334602,6
64,2,5,2,RLCCA,1,1131726,18.909696789978085,5.7568542796650055,4
64,2,5,2,RLCCA,1,1131761,16.822987188666296,23.716960052793688,4
64,2,5,2,RLCCA,1,1111283,4.144833301361313,3.511963975251095,8
64,2,5,2,RLCCA,1,1012969,6.125976797198874,14.03938878218164,3
64,2,5,2,RLCCA,1,1006824,9.108482857831314,19.880323842829995,2
64,2,5,2,RLCCA,1,1012965,6.746572372463641,6.235749149213152,6
64,2,5,2,RLCCA,1,1008867,21.065711550534832,23.93717310559085,8
64,2,5,2,RLCCA,1,1066212,7.783566246899351,23.06173998928279,3
64,2,5,2,RLCCA,1,1109220,8.873217776135627,21.355550129435485,8
64,2,5,2,RLCCA,1,1129700,18.759354120931807,3.466486464587121,7
64,2,5,2,RLCCA,1,1139943,17.446176158425835,13.008537224859182,10
64,2,5,2,RLCCA,1,1064167,4.208577868297182,22.475093276391224,4
64,2,5,2,RLCCA,1,1029366,20.90871821342747,18.796835090880123,2
64,2,5,2,RLCCA,1,1051884,13.393377227757494,1.8895784894655143,6
64,2,5,2,RLCCA,1,1015025,8.695919256038755,11.886205094099584,6
64,2,5,2,RLCCA,1,1045767,18.52525806177348,2.3493679894964767,4
64,2,5,2,RLCCA,1,1166592,23.43538989661161,5.1904370411380345,3
64,2,5,2,RLCCA,1,1010971,15.971943384484632,5.559129527993763,6
64,2,5,2,RLCCA,1,1160455,12.060892644810334,1.3652304914728712,3
64,2,5,2,RLCCA,1,1142025,5.419502439058344,17.424707397343507,4
64,2,5,2,RLCCA,1,1127689,19.697575325005314,17.335185070072647,6
64,2,5,2,RLCCA,1,1146123,6.932626655319267,10.732640324361807,3
64,2,5,2,RLCCA,1,1015059,18.58799042973967,13.864835696015309,6
64,2,5,2,RLCCA,1,1023250,14.016658370461048,4.020994328451815,6
64,2,5,2,RLCCA,1,1160462,1.561393114023753,3.638495935598906,7
64,2,5,2,RLCCA,1,1148208,5.584418385039649,20.92439362292655,1
64,2,5,2,RLCCA,1,1035565,5.081774593228294,0.2835967418247569,5
64,2,5,2,RLCCA,1,1006893,21.157281306529384,17.366291982922768,4
64,2,5,2,RLCCA,1,1140021,0.3947391024199849,5.34856888928347,4
64,2,5,2,RLCCA,1,1027366,0.6413092999930654,6.145725650558209,1
64,2,5,2,RLCCA,1,1064251,20.657093227742706,11.473342785144514,10
64,2,5,2,RLCCA,1,1078591,24.976567510594407,22.30317434696507,4
64,2,5,2,RLCCA,1,1011002,7.420647565877231,6.178575778450062,6
64,2,5,2,RLCCA,1,1148199,11.237521439578048,3.01468157724155,3
64,2,5,2,RLCCA,1,1070376,21.508333340125844,12.644048703788014,5
64,2,5,2,RLCCA,1,1043767,14.842631183489793,21.638993281263893,5
64,2,5,2,RLCCA,1,1045811,17.653883071262893,12.45636015284418,3
64,2,5,2,RLCCA,1,1109293,2.548597419018213,12.789482418916593,2
64,2,5,2,RLCCA,1,1115439,9.747115121219126,17.970886177716665,7
64,2,5,2,RLCCA,1,1066287,18.514994119255793,15.660607920263075,5
64,2,5,2,RLCCA,1,1023280,24.353550650857187,19.812108424604276,8
64,2,5,2,RLCCA,1,1064275,9.795595426437988,8.78783108134636,1
64,2,5,2,RLCCA,1,1082708,8.568241355946983,24.886563121908974,4
64,2,5,2,RLCCA,1,1101141,15.284831392823914,11.059547567005488,4
64,2,5,2,RLCCA,1,1092950,18.47587528174104,5.386394079760456,6
64,2,5,2,RLCCA,1,1068374,0.9785149764816983,4.538086390070006,2
64,2,5,2,RLCCA,1,1152346,14.881758745488565,23.70442017778502,6
64,2,5,2,RLCCA,1,1070428,12.290758002610074,20.065205011397587,7
64,2,5,2,RLCCA,1,1117532,8.978090478287012,19.30826687343977,4
64,2,5,2,RLCCA,1,1164639,14.8045407054237,7.24472403925949,6
64,2,5,2,RLCCA,1,1166657,3.0705620418121695,0.26310983209886507,3
64,2,5,2,RLCCA,1,1080640,13.016449755767832,8.118198714296154,2
64,2,5,2,RLCCA,1,1066307,10.142030576257472,18.547747264906082,8
64,2,5,2,RLCCA,1,1156422,0.8369322934034975,16.84551644136272,6
64,2,5,2,RLCCA,1,1027414,11.904434654794649,2.524324707478763,9
64,2,5,2,RLCCA,1,1103177,18.871428185509064,7.141859954625395,6
64,2,5,2,RLCCA,1,1043797,0.9228773771260163,2.8492708763077883,4
64,2,5,2,RLCCA,1,1090891,8.435304706312955,7.5291479370345336,4
64,2,5,2,RLCCA,1,1152335,0.5951819367381781,0.19819850615816673,8
64,2,5,2,RLCCA,1,1144142,4.385781849830259,18.016325916593452,3
64,2,5,2,RLCCA,1,1049970,4.690562298151377,2.6848653633776323,6
64,2,5,2,RLCCA,1,1027436,18.53924981334899,20.9797747887506,5
64,2,5,2,RLCCA,1,1080691,7.475146939379001,5.493385415891337,1
64,2,5,2,RLCCA,1,1113463,11.308894446157554,5.05762161997349,1
64,2,5,2,RLCCA,1,1058168,4.922596694710278,7.925147195295219,5
64,2,5,2,RLCCA,1,1080696,23.969562143196747,21.804266653481214,3
64,2,5,2,RLCCA,1,1039719,9.609854638742325,0.5806699005127776,2
64,2,5,2,RLCCA,1,1072504,18.648177962890156,19.373055273586733,9
64,2,5,2,RLCCA,1,1035621,3.8104089888826795,5.280574416018817,5
64,2,5,2,RLCCA,1,1058172,21.47589032225099,10.150485915557855,6
64,2,5,2,RLCCA,1,1049980,14.278190621009578,8.781908768398294,8
64,2,5,2,RLCCA,1,1103229,8.860407687335725,15.765953817529061,8
64,2,5,2,RLCCA,1,1160544,9.634585367062463,3.4419408782252034,2
64,2,5,2,RLCCA,1,1148258,9.724941418128088,3.860926975435744,5
64,2,5,2,RLCCA,1,1002875,14.222280672179199,19.43875428161527,8
64,2,5,2,RLCCA,1,1127780,14.926396920311886,7.406018194526953,4
64,2,5,2,RLCCA,1,1150315,0.0883470658237564,3.249651676809551,3
64,2,5,2,RLCCA,1,1006961,6.658510235533721,16.569965931500352,4
64,2,5,2,RLCCA,1,1088917,14.328239919841062,18.899068878823705,9
64,2,5,2,RLCCA,1,1101213,0.06363640028803941,4.468233725232848,7
64,2,5,2,RLCCA,1,1015199,0.6395466312198617,7.70272675245571,6
64,2,5,2,RLCCA,1,1080708,6.2509921511649775,9.653230861586657,8
64,2,5,2,RLCCA,1,1060230,16.997380115257755,23.73080826217478,5
64,2,5,2,RLCCA,1,1080710,14.48322432421483,2.202898975835806,5
64,2,5,2,RLCCA,1,1045908,7.710966983140678,1.3316846968964737,5
64,2,5,2,RLCCA,1,1068429,1.232187699015916,19.06495882833541,4
64,2,5,2,RLCCA,1,1152436,15.416925856195434,23.678028283866077,6
64,2,5,2,RLCCA,1,1084855,24.70248506957822,18.24632291655925,3
64,2,5,2,RLCCA,1,1068472,16.331587745395275,7.929265816635611,10
64,2,5,2,RLCCA,1,1060282,2.100672168582099,7.45805006490205,7
64,2,5,2,RLCCA,1,1168829,24.30458378601941,19.910412827745475,7
64,2,5,2,RLCCA,1,1043874,7.389639821623215,13.046666293537061,2
64,2,5,2,RLCCA,1,1027490,23.04929494517559,16.08402681724661,3
64,2,5,2,RLCCA,1,1076640,18.42545164488625,20.47515760373059,7
64,2,5,2,RLCCA,1,1047994,7.173303390575045,16.858003851078397,1
64,2,5,2,RLCCA,1,1078696,4.831204145687734,9.935399815659048,8
64,2,5,2,RLCCA,1,1037746,17.43202384017688,15.004929143562487,9
64,2,5,2,RLCCA,1,1164757,24.40414008871669,9.496124968103388,3
64,2,5,2,RLCCA,1,1127898,3.2146775425187246,18.50490095703175,1
64,2,5,2,RLCCA,1,1045956,9.105343576679806,3.509628859710034,6
64,2,5,2,RLCCA,1,1097154,11.359848779311895,15.128481404384338,2
64,2,5,2,RLCCA,1,1043933,4.258507334134334,22.647732334345275,3
64,2,5,2,RLCCA,1,1158594,16.561865869624864,6.850511648989795,7
64,2,5,2,RLCCA,1,1045976,0.07413807843234788,1.7952050341984567,4
64,2,5,2,RLCCA,1,1091018,3.2968930077021428,20.046782183119134,5
64,2,5,2,RLCCA,1,1125835,14.194519629707372,14.313772679735209,3
64,2,5,2,RLCCA,1,1107404,9.360670826065842,19.938818927637843,8
64,2,5,2,RLCCA,1,1097202,7.388327606622352,10.901911530272075,2
64,2,5,2,RLCCA,1,1156597,20.47396134917198,17.999630189322115,1
64,2,5,2,RLCCA,1,1121791,4.124772958647744,9.997301556814525,2
64,2,5,2,RLCCA,1,1011169,15.788612399704967,6.106754287622471,6
64,2,5,2,RLCCA,1,1021435,18.78701016898068,1.2662010371105918,9
64,2,5,2,RLCCA,1,1070564,7.009231138487646,10.352433309884143,8
64,2,5,2,RLCCA,1,1068519,6.596513166571782,15.719438145244997,2
64,2,5,2,RLCCA,1,1023480,14.619865010312378,11.563791049549804,5
64,2,5,2,RLCCA,1,1007096,17.06518705981844,21.38940357365369,8
64,2,5,2,RLCCA,1,1168874,6.455352736161629,10.611415233211051,2
64,2,5,2,RLCCA,1,1033714,21.31051633437821,20.777225692864384,4
64,2,5,2,RLCCA,1,1076718,3.886816946273497,17.22840031655638,5
64,2,5,2,RLCCA,1,1093137,12.480066678643944,22.61578205399307,6
64,2,5,2,RLCCA,1,1023498,2.8073877152109628,18.16995694307211,8
64,2,5,2,RLCCA,1,1121814,0.9534785739270077,4.0640352376701925,2
64,2,5,2,RLCCA,1,1162777,1.9396534270868078,5.082837944750296,6
64,2,5,2,RLCCA,1,1052185,18.851109614731243,14.237654444872442,9
64,2,5,2,RLCCA,1,1037828,2.528673922941034,20.4361203224773,2
64,2,5,2,RLCCA,1,1109532,1.6136501992100731,22.430937522621676,1
64,2,5,2,RLCCA,1,1138204,8.991063720850413,23.267647751114865,4
64,2,5,2,RLCCA,1,1037825,9.2676811967265,19.590043734749234,6
64,2,5,2,RLCCA,1,1068575,19.54069402437953,15.637997449863331,3
64,2,5,2,RLCCA,1,1091077,17.221707420276168,5.036147710656264,2
64,2,5,2,RLCCA,1,1064454,10.814967370251676,17.76609933573974,10
64,2,5,2,RLCCA,1,1080840,20.960304755319903,4.900531225291866,7
64,2,5,2,RLCCA,1,1115657,3.1817503866951355,17.783432145894,6
64,2,5,2,RLCCA,1,1086988,12.604879463787105,9.508147117249631,6
64,2,5,2,RLCCA,1,1035794,1.4561158677940047,7.258226716119186,6
64,2,5,2,RLCCA,1,1080847,7.272079524991636,6.162510151041574,3
64,2,5,2,RLCCA,1,1101362,10.784066311651072,10.714877936054256,5
64,2,5,2,RLCCA,1,1029676,9.076394319740766,0.9397568720073746,1
64,2,5,2,RLCCA,1,1117748,14.392668132574043,7.267701870795827,4
64,2,5,2,RLCCA,1,1072695,10.651159155524677,24.99599864758622,4
64,2,5,2,RLCCA,1,1171001,13.673756034800913,4.7243893561803665,7
64,2,5,2,RLCCA,1,1021475,15.61948193471812,2.983486794183167,1
64,2,5,2,RLCCA,1,1123875,3.7366509157381875,2.248763724335796,8
64,2,5,2,RLCCA,1,1072675,2.334491831498454,12.899263052160258,2
64,2,5,2,RLCCA,1,1103396,7.019963032490779,16.27036896406593,8
64,2,5,2,RLCCA,1,1066534,20.55367981093816,24.310207437047417,3
64,2,5,2,RLCCA,1,1023543,12.713167065830909,12.556475723570017,2
64,2,5,2,RLCCA,1,1095210,22.006488431772624,16.413578223145482,6
64,2,5,2,RLCCA,1,1048116,12.73111795785754,0.8579736039138947,1
64,2,5,2,RLCCA,1,1115692,3.5465047743238647,0.47740533564019016,3
64,2,5,2,RLCCA,1,1017423,22.1451615856902,19.058434526291915,3
64,2,5,2,RLCCA,1,1072724,6.60445957555009,11.029433836484865,5
64,2,5,2,RLCCA,1,1119828,23.44127890069713,23.068346810789787,3
64,2,5,2,RLCCA,1,1152596,21.490842290128867,14.479491466445776,4
64,2,5,2,RLCCA,1,1072726,3.9597351144367012,11.457823332199323,2
64,2,5,2,RLCCA,1,1027655,9.495896128276542,0.0097922252648166,6
64,2,5,2,RLCCA,1,1035846,16.695331991920654,19.469955094433665,9
64,2,5,2,RLCCA,1,1105498,14.685382441004835,20.32638828331217,6
64,2,5,2,RLCCA,1,1072735,16.396120771482423,6.785427900786719,10
64,2,5,2,RLCCA,1,1095235,12.552642111192714,6.589120946450802,3
64,2,5,2,RLCCA,1,1076808,14.476729823827712,5.553791051335734,8
64,2,5,2,RLCCA,1,1068617,5.035262399767854,19.713350477153682,5
64,2,5,2,RLCCA,1,1164874,19.09194903113356,20.988002028952778,8
64,2,5,2,RLCCA,1,1078863,4.394096778876701,16.83980957730266,5
64,2,5,2,RLCCA,1,1107535,7.4808565501897935,7.2813458866690866,5
64,2,5,2,RLCCA,1,1142387,15.087832301299445,7.641254339874618,4
64,2,5,2,RLCCA,1,1017448,19.785845960960383,23.639180625785833,5
64,2,5,2,RLCCA,1,1121910,15.026957855666891,3.358517075029513,1
64,2,5,2,RLCCA,1,1085055,19.191556811588576,2.0708632280683554,9
64,2,5,2,RLCCA,1,1072737,2.5174711854592235,10.85725499954296,3
64,2,5,2,RLCCA,1,1072738,2.0359586789330772,3.085846877154795,2
64,2,5,2,RLCCA,1,1072740,13.377138906712535,4.288776045570968,7
64,2,5,2,RLCCA,1,1168996,13.409847465561036,3.4626787167272473,10
64,2,5,2,RLCCA,1,1029746,7.0364802140018,4.006266846215032,5
64,2,5,2,RLCCA,1,1173139,15.836710794507717,23.051021925514227,4
64,2,5,2,RLCCA,1,1117844,0.9569564423365278,14.11526615493765,2
64,2,5,2,RLCCA,1,1169044,13.21649227930485,10.725602653630329,9
64,2,5,2,RLCCA,1,1003142,19.4957200235218,17.990251772710074,4
64,2,5,2,RLCCA,1,1109662,17.04089754082172,1.2145166316648426,4
64,2,5,2,RLCCA,1,1095297,6.84116198273874,3.99460212470282,9
64,2,5,2,RLCCA,1,1072776,15.136567927427379,4.590571587976905,4
64,2,5,2,RLCCA,1,1162888,8.642509969798825,1.6518946035177113,3
64,2,5,2,RLCCA,1,1115784,18.05099014109532,23.862691228419344,3
64,2,5,2,RLCCA,1,1099402,11.035549684160756,18.231739413940367,8
64,2,5,2,RLCCA,1,1019539,10.744973603937161,5.335021464631224,8
64,2,5,2,RLCCA,1,1154700,1.5526928108038751,0.516451210789779,4
64,2,5,2,RLCCA,1,1046191,10.848495073943223,8.8760738347908,7
64,2,5,2,RLCCA,1,1037994,8.236308845574602,0.8514521384834572,6
64,2,5,2,RLCCA,1,1152701,19.82033742097,24.018143042202357,7
64,2,5,2,RLCCA,1,1015457,24.87383906406839,15.806412630993158,3
64,2,5,2,RLCCA,1,1009342,17.599725843810337,14.960707916682974,3
64,2,5,2,RLCCA,1,1087140,20.070652033884432,12.173818040233193,9
64,2,5,2,RLCCA,1,1007290,9.561961692399153,1.9012657122688126,5
64,2,5,2,RLCCA,1,1169060,20.997033780207587,24.510596914274657,4
64,2,5,2,RLCCA,1,1083046,4.303296807912441,24.869838412689177,4
64,2,5,2,RLCCA,1,1078950,16.9170122534104,1.3229855704393603,4
64,2,5,2,RLCCA,1,1169064,1.6989496132484136,2.6851129071231723,9
64,2,5,2,RLCCA,1,1117866,18.212025486535364,14.282024875551695,6
64,2,5,2,RLCCA,1,1117869,14.464925262191576,9.338847857418369,9
64,2,5,2,RLCCA,1,1060525,18.34204176288836,3.3985461232906213,2
64,2,5,2,RLCCA,1,1119919,19.497095023731564,6.1523181941281795,3
64,2,5,2,RLCCA,1,1144494,21.410351848031375,20.199751507134295,4
64,2,5,2,RLCCA,1,1072849,0.594532886683097,9.45498487025922,6
64,2,5,2,RLCCA,1,1117907,11.68797591015256,2.651379645676952,1
64,2,5,2,RLCCA,1,1146581,2.1718377445082724,0.3872965173352698,8
64,2,5,2,RLCCA,1,1011400,10.79886615597803,10.80360931551337,6
64,2,5,2,RLCCA,1,1060571,14.141682765697146,11.815976225911307,5
64,2,5,2,RLCCA,1,1052381,9.630599051937066,11.28449167836197,2
64,2,5,2,RLCCA,1,1048284,1.3965909874273783,2.8698012340949144,1
64,2,5,2,RLCCA,1,1136326,23.15470796168349,21.79534414264855,6
64,2,5,2,RLCCA,1,1040084,13.850722187634304,11.029448915847986,9
64,2,5,2,RLCCA,1,1038034,23.513356280140854,15.571415876714216,3
64,2,5,2,RLCCA,1,1003218,2.313001071654132,7.299139209887589,8
64,2,5,2,RLCCA,1,1171185,7.857786163350604,15.400613337573994,1
64,2,5,2,RLCCA,1,1085171,5.345007286167069,0.0020567110626701357,4
64,2,5,2,RLCCA,1,1009386,17.212889508667622,9.320197134871176,10
64,2,5,2,RLCCA,1,1101558,7.146719045155447,4.8446503370599725,2
64,2,5,2,RLCCA,1,1126135,23.459821224483807,16.091275675886326,9
64,2,5,2,RLCCA,1,1040102,14.704234789461614,0.4537143034031701,9
64,2,5,2,RLCCA,1,1072891,3.3392036304153176,18.960763144971324,5
64,2,5,2,RLCCA,1,1169151,7.665099286827402,13.06939641879194,4
64,2,5,2,RLCCA,1,1011455,4.386545910619949,1.6580190699053392,8
64,2,5,2,RLCCA,1,1103584,23.501177550351848,12.036593531409869,9
64,2,5,2,RLCCA,1,1091298,17.554307173040865,11.148517039860923,7
64,2,5,2,RLCCA,1,1064682,20.195703093519825,15.93097947951955,8
64,2,5,2,RLCCA,1,1048306,17.822127297295637,20.043267445257108,6
64,2,5,2,RLCCA,1,1079056,20.902182350939025,14.806064317857142,3
64,2,5,2,RLCCA,1,1079057,14.270976655417595,19.81700301706268,9
64,2,5,2,RLCCA,1,1124115,8.406094847717462,5.5296279570511775,8
64,2,5,2,RLCCA,1,1066771,13.067683340121418,1.4694759039194603,6
64,2,5,2,RLCCA,1,1027847,3.8883207043720787,16.169165530182273,5
64,2,5,2,RLCCA,1,1038085,2.2064007499001788,22.333339825477786,8
64,2,5,2,RLCCA,1,1152795,20.029734592775494,13.095051718903788,7
64,2,5,2,RLCCA,1,1142554,1.7514270782499772,7.718448697148588,2
64,2,5,2,RLCCA,1,1081117,23.497145704696944,1.0785186253445214,9
64,2,5,2,RLCCA,1,1072927,7.899461561623008,19.962515320484858,4
64,2,5,2,RLCCA,1,1093381,4.640410471584929,14.967458179462149,5
64,2,5,2,RLCCA,1,1140491,12.004167538962886,23.6195203309704,4
64,2,5,2,RLCCA,1,1029906,15.606496505956763,6.414473317428193,5
64,2,5,2,RLCCA,1,1089293,24.871577339775055,20.982342169462434,6
64,2,5,2,RLCCA,1,1027887,8.461804809167011,16.298720379555633,4
64,2,5,2,RLCCA,1,1146672,20.47811396144898,13.738509374471962,9
64,2,5,2,RLCCA,1,1003307,3.001554128863562,4.397525388431442,6
64,2,5,2,RLCCA,1,1029929,11.89168387820355,14.667463893275649,7
64,2,5,2,RLCCA,1,1029926,17.67382158754356,11.579886457525918,1
64,2,5,2,RLCCA,1,1040163,2.4019983523905353,8.323647754722947,4
64,2,5,2,RLCCA,1,1103677,6.458552555179747,10.49320961369188,5
64,2,5,2,RLCCA,1,1122111,10.999383615099449,23.030569737628447,6
64,2,5,2,RLCCA,1,1138467,21.714909257141827,6.3350444631253495,3
64,2,5,2,RLCCA,1,1165092,17.46453510554591,11.230252724821781,9
64,2,5,2,RLCCA,1,1169188,7.879804974120669,8.834798141099814,3
64,2,5,2,RLCCA,1,1150759,3.943378058621249,14.190181630943846,2
64,2,5,2,RLCCA,1,1136422,16.188991553220138,20.349266834760737,10
64,2,5,2,RLCCA,1,1150765,2.57473393389353,7.709085720208469,7
64,2,5,2,RLCCA,1,1079120,16.844079123481833,24.101172468653598,6
64,2,5,2,RLCCA,1,1007437,9.650771111737427,21.07463186069943,10
64,2,5,2,RLCCA,1,1136468,19.786586144931285,4.821349571560445,3
64,2,5,2,RLCCA,1,1107800,16.505329771945217,3.3920928200428873,4
64,2,5,2,RLCCA,1,1079128,12.24248424786008,18.596640959676584,8
64,2,5,2,RLCCA,1,1017668,10.917829626910459,16.833817617076676,1
64,2,5,2,RLCCA,1,1003332,20.052645165867233,13.485146951212576,9
64,2,5,2,RLCCA,1,1087325,13.859006518422182,6.4516931206456665,3
64,2,5,2,RLCCA,1,1044289,0.4296371240534451,8.997347252538551,7
64,2,5,2,RLCCA,1,1161055,19.560969001308013,11.021354441065311,9
64,2,5,2,RLCCA,1,1077058,10.06953705670477,17.288727922955598,4
64,2,5,2,RLCCA,1,1064773,20.70875833313697,15.202465154367943,9
64,2,5,2,RLCCA,1,1046361,10.852518316251853,9.442139147550037,9
64,2,5,2,RLCCA,1,1091403,10.155699547298058,18.321782653596838,8
64,2,5,2,RLCCA,1,1152847,17.64321996898648,15.370627071039452,9
64,2,5,2,RLCCA,1,1025903,13.163908430367517,14.704159176898209,3
64,2,5,2,RLCCA,1,1058675,13.162002949016912,17.105968110052356,4
64,2,5,2,RLCCA,1,1042283,1.7236134415433852,21.792613775936506,1
64,2,5,2,RLCCA,1,1093492,23.645483862590325,0.9022059599490775,1
64,2,5,2,RLCCA,1,1036138,23.126644860037526,15.517302180369946,7
64,2,5,2,RLCCA,1,1136505,10.859474104996801,18.289231980363756,5
64,2,5,2,RLCCA,1,1027941,5.301929288277478,19.233238664292795,5
64,2,5,2,RLCCA,1,1083236,24.892897957354332,19.27579490121586,3
64,2,5,2,RLCCA,1,1007481,15.56528080140369,12.09151174004477,6
64,2,5,2,RLCCA,1,1081190,4.101722982991989,0.20805117695232056,1
64,2,5,2,RLCCA,1,1056617,23.200792185528893,15.56720523265935,6
64,2,5,2,RLCCA,1,1048438,1.607118196900874,2.771373275808401,3
64,2,5,2,RLCCA,1,1138536,21.858127073565623,0.8446984363951526,10
64,2,5,2,RLCCA,1,1038195,20.666276288890113,22.495828221716994,6
64,2,5,2,RLCCA,1,1087343,1.3562322704510845,20.743025297003246,5
64,2,5,2,RLCCA,1,1042288,15.551082002059381,12.728403517284132,9
64,2,5,2,RLCCA,1,1150865,10.64702166548323,4.172817965360853,8
64,2,5,2,RLCCA,1,1019789,19.576148910752416,9.106337094150003,2
64,2,5,2,RLCCA,1,1079186,17.597528739531917,10.345612715592708,10
64,2,5,2,RLCCA,1,1154962,0.35562202069963744,19.29281578372177,4
64,2,5,2,RLCCA,1,1058707,12.153215770341319,11.719809104847474,7
64,2,5,2,RLCCA,1,1030027,12.137557622066739,3.8122498049171742,8
64,2,5,2,RLCCA,1,1034122,2.038279068649363,3.6123854995569924,5
64,2,5,2,RLCCA,1,1011592,16.591869595290728,6.945930187453652,3
64,2,5,2,RLCCA,1,1154970,20.854554884339176,21.884664404083072,8
64,2,5,2,RLCCA,1,1027971,22.985080173718366,22.94971608070739,4
64,2,5,2,RLCCA,1,1167232,9.846785544810032,9.210412821215478,9
64,2,5,2,RLCCA,1,1111939,11.024812736698589,1.9875585478957198,2
64,2,5,2,RLCCA,1,1148802,11.511358094069964,18.978011871117474,8
64,2,5,2,RLCCA,1,1001365,11.495087127778422,5.6717014132550725,4
64,2,5,2,RLCCA,1,1138574,3.6630129809525727,0.6424726299200728,3
64,2,5,2,RLCCA,1,1167281,4.045717438631268,9.718204232238385,7
64,2,5,2,RLCCA,1,1040303,15.968571024793242,2.4207464683614046,1
64,2,5,2,RLCCA,1,1148848,4.390322974725799,13.962365670367948,4
64,2,5,2,RLCCA,1,1128370,22.586880760988024,5.8646063914027815,7
64,2,5,2,RLCCA,1,1005484,18.114745317586454,21.423812249151187,5
64,2,5,2,RLCCA,1,1103796,10.231659514005782,17.45265051040307,9
64,2,5,2,RLCCA,1,1159093,17.65431647356497,12.682313567076221,9
64,2,5,2,RLCCA,1,1068984,1.6737923561813985,16.769753247606936,4
64,2,5,2,RLCCA,1,1064889,22.689524840430625,1.1797738506484325,10
64,2,5,2,RLCCA,1,1095614,20.86716877044201,1.5417985348413044,9
64,2,5,2,RLCCA,1,1040289,21.47444862895623,22.294838395720667,6
64,2,5,2,RLCCA,1,1025952,5.414013195794008,19.200357714439445,2
64,2,5,2,RLCCA,1,1150881,5.5613402413433555,16.576587193460714,2
64,2,5,2,RLCCA,1,1157025,11.52202960967251,19.83798269327719,10
64,2,5,2,RLCCA,1,1030076,10.961522955928132,7.255126677879682,2
64,2,5,2,RLCCA,1,1058723,11.004397552563969,10.740148332008237,8
64,2,5,2,RLCCA,1,1068963,7.572339474418681,3.8286767328102065,1
64,2,5,2,RLCCA,1,1130405,23.27924231095345,10.810018666410267,3
64,2,5,2,RLCCA,1,1136549,23.857413053745578,12.00016371946717,10
64,2,5,2,RLCCA,1,1140649,7.303840407139637,10.196029605157682,2
64,2,5,2,RLCCA,1,1017782,21.472128616553928,19.423540626107126,4
64,2,5,2,RLCCA,1,1046452,12.746523434018362,3.7438371709165335,3
64,2,5,2,RLCCA,1,1009585,6.166258401552627,18.804550415035003,2
64,2,5,2,RLCCA,1,1081262,17.994279537024873,0.6725626769168516,8
64,2,5,2,RLCCA,1,1140689,20.737131763963912,1.2500309906357314,10
64,2,5,2,RLCCA,1,1058769,4.225637441510241,4.101841071665929,5
64,2,5,2,RLCCA,1,1046477,4.3860992085041435,4.953423820722017,5
64,2,5,2,RLCCA,1,1085400,16.429613611512128,15.860246427715468,3
64,2,5,2,RLCCA,1,1011651,8.775387004569462,15.038071729730785,8
64,2,5,2,RLCCA,1,1163205,5.544392577942906,2.814781864828513,5
64,2,5,2,RLCCA,1,1015768,15.71260721330301,24.37905060528649,5
64,2,5,2,RLCCA,1,1091528,6.658383058251312,23.70580296424925,5
64,2,5,2,RLCCA,1,1120205,12.785297497989244,1.0050956488034373,2
64,2,5,2,RLCCA,1,1146831,24.83015192142646,19.753929076377876,9
64,2,5,2,RLCCA,1,1087476,15.726413609514623,6.951668736470387,2
64,2,5,2,RLCCA,1,1042410,2.855479813182228,2.729395497471261,6
64,2,5,2,RLCCA,1,1023977,12.157946850270669,0.4930961890472123,8
64,2,5,2,RLCCA,1,1079288,21.605897833388745,13.884607266281598,3
64,2,5,2,RLCCA,1,1157112,0.922515639370717,13.415743840194395,4
64,2,5,2,RLCCA,1,1148923,24.897363809158325,21.50219475170632,3
64,2,5,2,RLCCA,1,1099774,23.147603394221136,4.739052677486152,4
64,2,5,2,RLCCA,1,1042431,9.039694159131269,2.0533647834666775,1
64,2,5,2,RLCCA,1,1028095,12.56303077960164,19.08795987879763,1
64,2,5,2,RLCCA,1,1126369,1.2988267679642402,4.972854207679248,8
64,2,5,2,RLCCA,1,1132512,14.004783798216708,1.059003684146627,9
64,2,5,2,RLCCA,1,1064931,21.758303813065456,8.944809569060398,9
64,2,5,2,RLCCA,1,1148901,11.376714481698372,21.098092435645516,4
64,2,5,2,RLCCA,1,1079269,4.020053592552948,20.341490286631085,8
64,2,5,2,RLCCA,1,1101799,9.996324109686725,6.7533304748854075,2
64,2,5,2,RLCCA,1,1079278,24.428379665275,16.051624962280506,9
64,2,5,2,RLCCA,1,1167342,0.2349830151746719,7.318463499075392,8
