64,2,1,4,RLCCA,1,1150992,22.050540229485232,4.449937707168576,3
64,2,1,4,RLCCA,1,1116179,4.0396938084593055,13.503144096414843,10
64,2,1,4,RLCCA,1,1036292,3.382267588856605,6.128792690887707,1
64,2,1,4,RLCCA,1,1009668,10.505240155121129,24.059670897012314,10
64,2,1,4,RLCCA,1,1083420,1.5992053933795691,7.069792127182909,1
64,2,1,4,RLCCA,1,1075229,12.618803727346197,7.565071384531481,3
64,2,1,4,RLCCA,1,1003521,10.260496832483351,21.306085287788388,9
64,2,1,4,RLCCA,1,1030144,7.790814258899548,7.2998659970094,5
64,2,1,4,RLCCA,1,1171459,14.364153332062296,15.961762071432442,11
64,2,1,4,RLCCA,1,1112070,13.29467110799115,4.571886289364506,3
64,2,1,4,RLCCA,1,1060873,9.2739924017613,13.767705217860765,9
64,2,1,4,RLCCA,1,1032213,7.237181725175292,20.876449795196923,10
64,2,1,4,RLCCA,1,1130508,14.210291940065437,5.386006157503688,3
64,2,1,4,RLCCA,1,1165327,2.968387849123998,7.545309926427949,2
64,2,1,4,RLCCA,1,1095728,8.40153205239193,5.923062390080598,5
64,2,1,4,RLCCA,1,1065010,9.989461659937158,21.96182855435608,10
64,2,1,4,RLCCA,1,1013804,4.262844247161411,5.6697292663688525,1
64,2,1,4,RLCCA,1,1017897,24.798741120355647,7.602466361510009,3
64,2,1,4,RLCCA,1,1060919,9.528488749838134,14.380406396296113,9
64,2,1,4,RLCCA,1,1011751,24.264010174766437,10.635035863105735,3
64,2,1,4,RLCCA,1,1089598,9.888093925780701,11.4623310761959,2
64,2,1,4,RLCCA,1,1124385,15.103358257628864,10.243222795448922,3
64,2,1,4,RLCCA,1,1093664,21.043955203914965,8.668145648193944,4
64,2,1,4,RLCCA,1,1099811,20.6727155067602,21.545782994283538,11
64,2,1,4,RLCCA,1,1126437,6.616052091381324,7.351271287041872,5
64,2,1,4,RLCCA,1,1105957,0.11135920593176407,24.287409305377725,10
64,2,1,4,RLCCA,1,1075239,3.2363481305906094,6.701884521293065,1
64,2,1,4,RLCCA,1,1026104,11.796779198226362,5.572710824574034,6
64,2,1,4,RLCCA,1,1024055,13.302465625419476,20.383428265248067,11
64,2,1,4,RLCCA,1,1165353,15.137686619431589,13.481684196099769,11
64,2,1,4,RLCCA,1,1163311,8.54562577325974,6.13454982986584,5
64,2,1,4,RLCCA,1,1108014,2.608570725494122,10.711159080630228,6
64,2,1,4,RLCCA,1,1062993,11.143438379564827,0.7666913716062804,2
64,2,1,4,RLCCA,1,1169492,8.214594176029602,18.493263708717663,9
64,2,1,4,RLCCA,1,1024071,13.93669826970392,18.54803074866647,11
64,2,1,4,RLCCA,1,1017923,0.8236021278654849,22.993660547763426,10
64,2,1,4,RLCCA,1,1144924,22.737668444100496,4.7772131915830585,3
64,2,1,4,RLCCA,1,1081418,2.85188951512108,13.465860153406885,10
64,2,1,4,RLCCA,1,1046611,24.09463276747053,3.8844922708245204,3
64,2,1,4,RLCCA,1,1075276,12.127086835565196,6.154931515527512,6
64,2,1,4,RLCCA,1,1095758,13.360814267748317,14.265857332376704,11
64,2,1,4,RLCCA,1,1011793,20.232866682510657,2.657392346311718,3
64,2,1,4,RLCCA,1,1130609,1.8781144335619353,12.898750795713235,10
64,2,1,4,RLCCA,1,1011820,12.661037955717202,15.409198382014152,11
64,2,1,4,RLCCA,1,1099892,20.390239055612657,15.719756372584772,11
64,2,1,4,RLCCA,1,1144950,23.783883282000804,8.321691226919446,3
64,2,1,4,RLCCA,1,1011814,19.00198915684669,8.768934356693272,4
64,2,1,4,RLCCA,1,1005670,3.1203360270624088,24.118032156290592,9
64,2,1,4,RLCCA,1,1155195,4.1410136929506995,5.9143470344655436,1
64,2,1,4,RLCCA,1,1030242,23.459250768751275,6.598267408350821,3
64,2,1,4,RLCCA,1,1065059,12.893950663273614,3.4157427046617386,3
64,2,1,4,RLCCA,1,1011836,0.2760435294644259,24.747902296550897,10
64,2,1,4,RLCCA,1,1130596,10.879448999413388,10.256889098807616,2
64,2,1,4,RLCCA,1,1128554,8.545653427142486,11.47054491308497,2
64,2,1,4,RLCCA,1,1009778,3.8344274262939386,3.8253100174790298,1
64,2,1,4,RLCCA,1,1063021,11.004401383943756,11.462681490331788,2
64,2,1,4,RLCCA,1,1044593,20.390837902548302,21.565907287366016,11
64,2,1,4,RLCCA,1,1073296,18.676760109018634,11.64398496390358,7
64,2,1,4,RLCCA,1,1065105,3.2135587712459954,8.095309939566011,1
64,2,1,4,RLCCA,1,1020045,20.5997865259415,2.738124213771591,4
64,2,1,4,RLCCA,1,1050771,1.6086128290353034,9.71885792180502,1
64,2,1,4,RLCCA,1,1063059,8.213610313150303,7.619071420536618,5
64,2,1,4,RLCCA,1,1013892,1.2972052665976572,6.730388577504698,1
64,2,1,4,RLCCA,1,1024155,9.950561400333063,1.7754564486403301,2
64,2,1,4,RLCCA,1,1116303,1.2970201447098952,8.688330806587606,1
64,2,1,4,RLCCA,1,1067150,24.992333404413912,7.763537421315893,3
64,2,1,4,RLCCA,1,1151119,14.312668094329506,15.67127389632794,11
64,2,1,4,RLCCA,1,1079439,23.003294885517285,7.268008201879438,3
64,2,1,4,RLCCA,1,1140878,22.585154689159125,2.773718871430923,3
64,2,1,4,RLCCA,1,1069232,3.482907451134503,8.890811853532396,5
64,2,1,4,RLCCA,1,1075360,11.801225632878324,18.64226053370733,9
64,2,1,4,RLCCA,1,1120417,9.24476591344246,16.786438685235808,9
64,2,1,4,RLCCA,1,1042620,2.7700050567573054,0.37384450816686987,6
64,2,1,4,RLCCA,1,1095844,23.536746584490043,1.01273643707426,3
64,2,1,4,RLCCA,1,1163429,4.959949015568717,7.552845870812879,5
64,2,1,4,RLCCA,1,1108132,8.847949103921586,8.601046955412661,5
64,2,1,4,RLCCA,1,1091754,19.595037797258573,3.610620440377356,4
64,2,1,4,RLCCA,1,1065130,2.072933876584649,7.744620067436258,5
64,2,1,4,RLCCA,1,1091759,9.516359502252625,8.741674862700977,5
64,2,1,4,RLCCA,1,1016008,5.255808748531659,6.327594347262346,5
64,2,1,4,RLCCA,1,1083608,6.836088436822047,24.279402268699407,9
64,2,1,4,RLCCA,1,1032386,4.363947905707704,5.171024559964128,1
64,2,1,4,RLCCA,1,1065181,10.816284566094037,23.6471747655933,10
64,2,1,4,RLCCA,1,1034460,18.850409644640113,24.095302142660326,11
64,2,1,4,RLCCA,1,1173698,23.81884361448703,7.2810302435748495,3
64,2,1,4,RLCCA,1,1159365,7.012543387714392,20.933034296040283,9
64,2,1,4,RLCCA,1,1089733,0.6837720524023726,22.640773995061444,10
64,2,1,4,RLCCA,1,1052869,0.6116198137487129,21.01895843704991,10
64,2,1,4,RLCCA,1,1155271,1.9199865315701898,5.284897093506392,2
64,2,1,4,RLCCA,1,1016024,20.911718444242926,15.349093243884766,11
64,2,1,4,RLCCA,1,1155272,24.614197610216593,15.457226948120795,11
64,2,1,4,RLCCA,1,1046741,8.846648001277549,21.355230959898947,10
64,2,1,4,RLCCA,1,1118410,9.389617996842825,15.689547763845209,9
64,2,1,4,RLCCA,1,1063116,13.67292233663473,11.921633544149794,3
64,2,1,4,RLCCA,1,1028306,3.98952581863653,6.210670948008922,2
64,2,1,4,RLCCA,1,1063118,8.330297877101014,13.094291576341345,10
64,2,1,4,RLCCA,1,1024208,9.503585201361306,22.905982017497355,10
64,2,1,4,RLCCA,1,1171701,2.7801373959079525,3.02127587248389,1
64,2,1,4,RLCCA,1,1054968,21.509463704014713,9.521728286143656,3
64,2,1,4,RLCCA,1,1165560,1.4748262011856481,22.600356532353665,13
64,2,1,4,RLCCA,1,1173754,10.318315889409472,7.874933198149762,1
64,2,1,4,RLCCA,1,1001726,4.555111956539789,6.254347043238012,1
64,2,1,4,RLCCA,1,1134819,5.007679289687885,7.727817899331033,6
64,2,1,4,RLCCA,1,1153255,13.728531098098939,3.2455247589214817,3
64,2,1,4,RLCCA,1,1173735,2.1651476664925333,21.762065802370564,13
64,2,1,4,RLCCA,1,1020151,3.3789856088914325,3.9825122971183613,1
64,2,1,4,RLCCA,1,1169643,3.381143316905314,8.19053100994843,1
64,2,1,4,RLCCA,1,1014005,9.12975146926892,23.126363012660754,10
64,2,1,4,RLCCA,1,1089771,19.8681266518501,16.92889493376988,11
64,2,1,4,RLCCA,1,1001715,9.03536753650856,6.91694054227711,5
64,2,1,4,RLCCA,1,1120541,23.226953322477733,7.492743609237763,3
64,2,1,4,RLCCA,1,1089822,19.812853549562274,11.633365484468449,3
64,2,1,4,RLCCA,1,1116446,0.9296187500134265,22.694826296652554,10
64,2,1,4,RLCCA,1,1163523,4.554564126790479,12.8177133311671,10
64,2,1,4,RLCCA,1,1112324,1.4665755920518462,7.334301164025792,6
64,2,1,4,RLCCA,1,1112328,7.111072879923363,4.7969806984539645,5
64,2,1,4,RLCCA,1,1151240,2.52674861315612,14.714735291092257,10
64,2,1,4,RLCCA,1,1044757,2.685214014403184,3.4617977004381815,1
64,2,1,4,RLCCA,1,1081651,4.176684536269517,7.53822229849894,1
64,2,1,4,RLCCA,1,1038633,0.7394071129884363,2.71946699610449,1
64,2,1,4,RLCCA,1,1112376,22.582515205658673,15.576771626402689,11
64,2,1,4,RLCCA,1,1165625,11.629316143890923,5.725020232795347,6
64,2,1,4,RLCCA,1,1079611,4.253520177238798,5.076867751792364,1
64,2,1,4,RLCCA,1,1055036,20.40885351635853,9.020332645495335,4
64,2,1,4,RLCCA,1,1147169,9.189731124124663,22.342451167564164,10
64,2,1,4,RLCCA,1,1003838,24.3392086699688,0.6141073986119849,3
64,2,1,4,RLCCA,1,1052962,20.862914632714656,21.997420525176533,11
64,2,1,4,RLCCA,1,1095970,10.484915804266198,5.891029076326804,5
64,2,1,4,RLCCA,1,1159471,9.549639553749724,14.799690208103714,9
64,2,1,4,RLCCA,1,1151316,1.7831036011040258,7.558457792151102,6
64,2,1,4,RLCCA,1,1069398,8.878156957277824,23.88775140739672,9
64,2,1,4,RLCCA,1,1169751,14.556389152161534,5.8679253751405565,4
64,2,1,4,RLCCA,1,1036611,8.822044098905767,19.45568414782825,10
64,2,1,4,RLCCA,1,1077599,10.856857091360624,22.182891345956516,9
64,2,1,4,RLCCA,1,1124702,2.764600876620438,23.186420535364658,13
64,2,1,4,RLCCA,1,1157441,5.319554762187142,8.239350972710483,5
64,2,1,4,RLCCA,1,1048899,22.14082705592296,15.80833102938493,11
64,2,1,4,RLCCA,1,1065283,10.563407927962093,13.73970190402108,9
64,2,1,4,RLCCA,1,1007963,19.990482103088933,10.976055065545957,3
64,2,1,4,RLCCA,1,1093960,3.796808794377751,5.958854646515678,2
64,2,1,4,RLCCA,1,1073482,13.546351176438504,14.844755572959917,11
64,2,1,4,RLCCA,1,1028434,9.316219390710405,24.148087522828455,9
64,2,1,4,RLCCA,1,1044840,22.14146634416784,19.013568740159897,11
64,2,1,4,RLCCA,1,1108346,23.264248126907727,1.93556145024756,4
64,2,1,4,RLCCA,1,1001828,11.900488575273727,8.645537089605032,1
64,2,1,4,RLCCA,1,1016162,4.3957239593822575,6.3081901280689605,5
64,2,1,4,RLCCA,1,1155427,8.49273497212518,7.893251930595689,5
64,2,1,4,RLCCA,1,1118562,11.814601885022329,12.707260055735453,10
64,2,1,4,RLCCA,1,1014139,3.0320256879021628,7.655098219181339,1
64,2,1,4,RLCCA,1,1114471,5.359001779051248,3.267434259693888,1
64,2,1,4,RLCCA,1,1010041,2.4642685973179925,7.215189028003964,1
64,2,1,4,RLCCA,1,1173863,12.400490290191001,12.088781038296268,2
64,2,1,4,RLCCA,1,1028472,13.28041103674536,15.099027586237803,11
64,2,1,4,RLCCA,1,1128812,5.148901896998589,6.052090689221737,1
64,2,1,4,RLCCA,1,1165676,23.8127571342867,8.040828181818362,3
64,2,1,4,RLCCA,1,1102191,12.639376547062849,12.60860723807909,11
64,2,1,4,RLCCA,1,1001840,4.293214071182848,0.13956019026757993,6
64,2,1,4,RLCCA,1,1038735,5.671873828989587,22.077061446484098,9
64,2,1,4,RLCCA,1,1173907,21.664311245224596,1.142445318386161,3
64,2,1,4,RLCCA,1,1106322,11.383099760068893,6.329463860916319,6
64,2,1,4,RLCCA,1,1102227,1.2492287622630451,14.106584825961441,10
64,2,1,4,RLCCA,1,1145234,2.3615348971958765,14.721095937766478,10
64,2,1,4,RLCCA,1,1038731,24.04961107977258,12.86282548015833,11
64,2,1,4,RLCCA,1,1069460,1.2445371457407863,21.602342729323215,13
64,2,1,4,RLCCA,1,1032584,2.9006979537950666,21.49657394852029,10
64,2,1,4,RLCCA,1,1139097,3.253867655046421,5.896532948828591,2
64,2,1,4,RLCCA,1,1077657,13.018930044400053,4.482542592406914,3
64,2,1,4,RLCCA,1,1038725,2.7776958128982248,5.7933230932169195,5
64,2,1,4,RLCCA,1,1001858,13.651842414820594,19.876854575822815,11
64,2,1,4,RLCCA,1,1030559,23.600228741290916,5.54056162523589,3
64,2,1,4,RLCCA,1,1112449,23.360153130344766,19.12894081908062,11
64,2,1,4,RLCCA,1,1087874,7.689333825230758,2.2771707654500033,5
64,2,1,4,RLCCA,1,1153412,8.888469054816946,9.027444529104926,2
64,2,1,4,RLCCA,1,1102214,10.275612366917601,6.57498329880225,5
64,2,1,4,RLCCA,1,1044888,8.06426608991179,9.277096441543392,5
64,2,1,4,RLCCA,1,1075596,4.737602364767275,3.6354831120305486,1
64,2,1,4,RLCCA,1,1044909,4.5556180143858285,7.333781500216911,2
64,2,1,4,RLCCA,1,1053110,3.314026297625586,9.769800319943428,6
64,2,1,4,RLCCA,1,1114553,3.2790929788669363,5.64648445178881,2
64,2,1,4,RLCCA,1,1173947,24.988406988370947,9.985642365684695,3
64,2,1,4,RLCCA,1,1059261,23.80350317419758,2.343025767235427,4
64,2,1,4,RLCCA,1,1008033,11.6565729113535,12.310229911717387,2
64,2,1,4,RLCCA,1,1089983,23.596495782197078,18.793456211495176,11
64,2,1,4,RLCCA,1,1077668,14.693537076012595,5.7723582727404565,4
64,2,1,4,RLCCA,1,1059239,24.325902629706224,12.221360865230535,4
64,2,1,4,RLCCA,1,1044918,23.231459876098796,0.9331480907368879,3
64,2,1,4,RLCCA,1,1124778,20.508405389274657,4.702232630221327,3
64,2,1,4,RLCCA,1,1001907,11.69252575403167,22.591919135964815,13
64,2,1,4,RLCCA,1,1036722,3.182613008633442,7.437227379592729,1
64,2,1,4,RLCCA,1,1149358,8.683483521071395,12.83772141708478,9
64,2,1,4,RLCCA,1,1098195,20.270437131937335,9.52702930187555,3
64,2,1,4,RLCCA,1,1014220,12.97198735743548,15.629671638541058,11
64,2,1,4,RLCCA,1,1094099,19.758885837022014,3.6593872987421263,4
64,2,1,4,RLCCA,1,1143257,7.342903711430928,2.8041500629256215,5
64,2,1,4,RLCCA,1,1067483,8.326127319434812,13.550753557589566,9
64,2,1,4,RLCCA,1,1030596,3.00897233908357,6.916756070471244,2
64,2,1,4,RLCCA,1,1057245,19.17749157337535,7.464391503444998,4
64,2,1,4,RLCCA,1,1141193,22.516498469760027,7.201920440524744,3
64,2,1,4,RLCCA,1,1159625,5.580475032398557,8.436194311435326,5
64,2,1,4,RLCCA,1,1003985,2.1841773809806426,6.594069321032666,5
64,2,1,4,RLCCA,1,1044975,12.475941969687542,18.615158529080468,9
64,2,1,4,RLCCA,1,1137136,7.773627979861096,23.35923660339263,9
64,2,1,4,RLCCA,1,1094133,24.11957193595213,19.79234708649505,11
64,2,1,4,RLCCA,1,1061368,22.37993166244899,0.40330017255278594,3
64,2,1,4,RLCCA,1,1079800,20.16644276104183,8.527928759893735,4
64,2,1,4,RLCCA,1,1006048,6.772614150430643,22.368350642472247,9
64,2,1,4,RLCCA,1,1038845,8.318968999315251,7.511582954421208,6
64,2,1,4,RLCCA,1,1044981,8.557061239271452,8.77809902355517,5
64,2,1,4,RLCCA,1,1006068,23.85733078246751,2.814586387823864,4
64,2,1,4,RLCCA,1,1083883,22.685089574003303,18.60581931944789,11
64,2,1,4,RLCCA,1,1165804,13.466166236847128,8.492311893379933,4
64,2,1,4,RLCCA,1,1030641,24.995617773279438,7.523091471506005,3
64,2,1,4,RLCCA,1,1008113,4.245743858973903,10.11868954116331,6
64,2,1,4,RLCCA,1,1057297,3.977416693959454,3.0441528325512195,1
64,2,1,4,RLCCA,1,1114645,9.015001233189968,1.4485126287610195,5
64,2,1,4,RLCCA,1,1145364,18.739650644906245,23.175490919825894,11
64,2,1,4,RLCCA,1,1171991,24.65430942758054,0.513306347831759,3
64,2,1,4,RLCCA,1,1161751,23.40781280992104,20.15281873609108,11
64,2,1,4,RLCCA,1,1083928,9.830339689924964,23.378360423620865,10
64,2,1,4,RLCCA,1,1139227,12.391396150230944,11.678293630455595,2
64,2,1,4,RLCCA,1,1112602,12.331515856416438,5.588159196418009,6
64,2,1,4,RLCCA,1,1135130,3.6746753847694342,4.224779389787649,1
64,2,1,4,RLCCA,1,1092098,23.397571713424973,0.565908460941829,4
64,2,1,4,RLCCA,1,1128964,3.2967523010695228,14.515658536036733,10
64,2,1,4,RLCCA,1,1151494,8.700519071174112,21.337065659882587,9
64,2,1,4,RLCCA,1,1047056,14.78557169578227,6.61251722833792,4
64,2,1,4,RLCCA,1,1157682,7.280567923567489,3.7171206610427032,5
64,2,1,4,RLCCA,1,1110581,20.949705267914663,9.765259536166052,4
64,2,1,4,RLCCA,1,1165879,24.673305238391595,16.041154202730358,11
64,2,1,4,RLCCA,1,1028646,3.1632697989186154,24.408763848862897,13
64,2,1,4,RLCCA,1,1081914,10.536801734945609,6.598795797809153,5
64,2,1,4,RLCCA,1,1016352,23.187019955940215,6.150792178418161,3
64,2,1,4,RLCCA,1,1049151,24.878406629060184,13.085666541535486,11
64,2,1,4,RLCCA,1,1096255,10.98158985241584,12.242638863020897,6
64,2,1,4,RLCCA,1,1118754,6.101148363132808,4.593586112293561,1
64,2,1,4,RLCCA,1,1165861,4.387666178741735,0.6162991572039468,6
64,2,1,4,RLCCA,1,1143332,6.175478237974016,6.728367856273584,5
64,2,1,4,RLCCA,1,1026618,23.892284997059008,19.10755094761233,11
64,2,1,4,RLCCA,1,1045044,12.013181398405472,6.5522949634236065,6
64,2,1,4,RLCCA,1,1118765,24.352088633214347,3.442811829416751,4
64,2,1,4,RLCCA,1,1122860,1.2811966219626791,23.547597235590267,10
64,2,1,4,RLCCA,1,1094189,4.051165582531347,23.74973391177319,13
64,2,1,4,RLCCA,1,1022542,10.809962047772123,14.835715091734881,9
64,2,1,4,RLCCA,1,1049171,7.431846983042237,21.756797771489317,9
64,2,1,4,RLCCA,1,1000009,9.085930041704799,5.70561807942638,5
64,2,1,4,RLCCA,1,1081943,10.864498021060296,1.2299266344490567,2
64,2,1,4,RLCCA,1,1032774,14.841406011764994,11.669065534211262,7
64,2,1,4,RLCCA,1,1073754,10.64038304979811,22.729815832186997,9
64,2,1,4,RLCCA,1,1155674,4.082247359863987,12.533833064124932,10
64,2,1,4,RLCCA,1,1008195,14.244134351924723,19.910744072170527,11
64,2,1,4,RLCCA,1,1063516,16.45064829811384,6.216009314814689,4
64,2,1,4,RLCCA,1,1059423,5.311219709235725,6.091039957918818,5
64,2,1,4,RLCCA,1,1081951,13.792807344898527,12.730618964175674,11
64,2,1,4,RLCCA,1,1032793,3.1995041298928237,22.402915113819788,13
64,2,1,4,RLCCA,1,1174089,8.501988991423943,17.987774980524627,9
64,2,1,4,RLCCA,1,1059405,7.448018510068392,6.775232837076092,5
64,2,1,4,RLCCA,1,1000016,5.017241197872474,21.560745345732133,9
64,2,1,4,RLCCA,1,1010283,13.765337804126334,13.218455288326652,11
64,2,1,4,RLCCA,1,1092219,13.281177278533374,2.7873416385762493,3
64,2,1,4,RLCCA,1,1071712,7.867792337152122,11.739331534084258,2
64,2,1,4,RLCCA,1,1073761,8.354053667538896,16.54825296738978,9
64,2,1,4,RLCCA,1,1024637,3.3157744279016828,13.287139897676155,10
64,2,1,4,RLCCA,1,1100390,8.38771387282908,3.2013272149913257,5
64,2,1,4,RLCCA,1,1147497,20.133689628796485,2.0790381027675937,4
64,2,1,4,RLCCA,1,1020533,6.154040368355598,5.500656248066805,5
64,2,1,4,RLCCA,1,1155695,23.702681248453462,0.6181954110077497,4
64,2,1,4,RLCCA,1,1032844,2.0122123742518383,5.186949850764094,1
64,2,1,4,RLCCA,1,1041035,7.820440698889431,23.903267101336805,9
64,2,1,4,RLCCA,1,1104533,23.123016139838885,7.050873536043969,3
64,2,1,4,RLCCA,1,1118868,2.123878390062094,11.320081306022109,5
64,2,1,4,RLCCA,1,1071770,24.889288675304527,8.933184561787401,3
64,2,1,4,RLCCA,1,1047171,20.77747220009403,10.863477203493908,3
64,2,1,4,RLCCA,1,1026689,11.086727545925648,6.943616534676914,6
64,2,1,4,RLCCA,1,1045121,14.374330888406575,7.582192216207257,4
64,2,1,4,RLCCA,1,1059461,8.449061817997183,0.537750014668529,2
64,2,1,4,RLCCA,1,1110664,3.6416299745980676,1.804417667624739,6
64,2,1,4,RLCCA,1,1016469,8.666920288001984,24.98420998370535,9
64,2,1,4,RLCCA,1,1104526,23.176505706163738,5.925852317729218,3
64,2,1,4,RLCCA,1,1098382,13.885249204038145,14.059322373051831,11
64,2,1,4,RLCCA,1,1006254,22.654498023178153,0.48775177302237127,4
64,2,1,4,RLCCA,1,1045166,22.770660463353096,1.0987284032254903,3
64,2,1,4,RLCCA,1,1014446,20.071599870951427,6.791405584507271,4
64,2,1,4,RLCCA,1,1166002,17.136442401686235,22.39220964562488,11
64,2,1,4,RLCCA,1,1071797,23.943659914150217,8.6487702912609,3
64,2,1,4,RLCCA,1,1086133,2.2878975863591866,0.23287786188435333,6
64,2,1,4,RLCCA,1,1098423,23.887460550847695,14.416036053044419,11
64,2,1,4,RLCCA,1,1071800,9.701476866529553,16.56783238520459,9
64,2,1,4,RLCCA,1,1026727,7.559176156722868,22.15403932401603,9
64,2,1,4,RLCCA,1,1014439,20.740240514610186,11.213089728408285,3
64,2,1,4,RLCCA,1,1166011,3.3313180077658986,8.461108036101074,5
64,2,1,4,RLCCA,1,1145533,24.46510751935943,9.385158422913008,3
64,2,1,4,RLCCA,1,1127103,12.096507896771186,5.58882324294242,1
64,2,1,4,RLCCA,1,1147583,11.935872642054878,21.865907601350024,9
64,2,1,4,RLCCA,1,1045183,8.421074802035646,20.891007785243257,10
64,2,1,4,RLCCA,1,1049250,3.4327590163498627,6.690375032496961,1
64,2,1,4,RLCCA,1,1022652,11.677192989730457,16.577126185187453,9
64,2,1,4,RLCCA,1,1043131,23.79263586411944,4.079507287523729,3
64,2,1,4,RLCCA,1,1047223,5.525883938062615,4.08620070232837,1
64,2,1,4,RLCCA,1,1059501,23.621779804663152,15.672658055414399,11
64,2,1,4,RLCCA,1,1075885,11.08304275697046,7.503036121754179,6
64,2,1,4,RLCCA,1,1100462,8.763447820453068,16.97515447118048,9
64,2,1,4,RLCCA,1,1112750,11.907244360344883,11.95387384506621,6
64,2,1,4,RLCCA,1,1135315,11.865733775315437,13.904075697305654,10
64,2,1,4,RLCCA,1,1041098,23.98549979159356,13.089761927480867,11
64,2,1,4,RLCCA,1,1002185,0.5998693160203517,23.05186587137677,10
64,2,1,4,RLCCA,1,1088214,1.5252748821525084,5.592961720080134,6
64,2,1,4,RLCCA,1,1174232,19.82713382263833,0.8681717346211353,3
64,2,1,4,RLCCA,1,1108697,23.575722799739285,3.2364577827641163,3
64,2,1,4,RLCCA,1,1100507,0.2851376645446236,22.202120305346806,13
64,2,1,4,RLCCA,1,1055453,24.623094953797672,1.3924258769798024,3
64,2,1,4,RLCCA,1,1030850,7.945983330200099,10.539918402409254,5
64,2,1,4,RLCCA,1,1020608,8.840182650688153,2.8369309385930594,5
64,2,1,4,RLCCA,1,1090247,24.326750680474635,0.09088464620815351,3
64,2,1,4,RLCCA,1,1172166,5.148217365643971,1.2829722720065264,6
64,2,1,4,RLCCA,1,1057483,23.921464285227582,12.521845880620091,11
64,2,1,4,RLCCA,1,1067724,19.00278840203378,4.114645066222555,4
64,2,1,4,RLCCA,1,1028818,5.751077892385956,1.3722160360156213,5
64,2,1,4,RLCCA,1,1139407,3.6510526568096764,5.60975229278904,2
64,2,1,4,RLCCA,1,1002192,7.012320595560737,24.57813559038255,9
64,2,1,4,RLCCA,1,1147636,24.826065143827986,9.085986075362785,3
64,2,1,4,RLCCA,1,1127160,18.088312177118222,22.464558599468344,11
64,2,1,4,RLCCA,1,1100539,2.019129858369813,3.147892693770338,1
64,2,1,4,RLCCA,1,1075963,23.22871315881882,17.98988464731882,11
64,2,1,4,RLCCA,1,1010402,3.3409842342580753,5.735469460243399,1
64,2,1,4,RLCCA,1,1014497,24.450866783260633,5.6794569424360155,3
64,2,1,4,RLCCA,1,1026784,23.298760897382166,3.001042408112993,3
64,2,1,4,RLCCA,1,1045242,20.328417974316988,10.201244309800556,3
64,2,1,4,RLCCA,1,1061612,0.06271711061305241,4.769632395152121,1
64,2,1,4,RLCCA,1,1164013,16.830159574366675,11.098474088942902,3
64,2,1,4,RLCCA,1,1026802,9.239289784168935,13.274913437105784,9
64,2,1,4,RLCCA,1,1168153,10.052693960342252,15.729408851086307,9
64,2,1,4,RLCCA,1,1082138,20.519188057415537,22.319673354161285,11
64,2,1,4,RLCCA,1,1141533,23.155753334088274,0.005181239872110777,3
64,2,1,4,RLCCA,1,1022723,8.569519809280177,0.5730042794530944,2
64,2,1,4,RLCCA,1,1047296,24.150948339111896,3.800187557130389,4
64,2,1,4,RLCCA,1,1139458,7.511613592004132,11.427040228882204,2
64,2,1,4,RLCCA,1,1000220,2.9925274437152356,9.923465421379444,6
64,2,1,4,RLCCA,1,1116930,2.508191416159061,9.984968088851602,6
64,2,1,4,RLCCA,1,1082116,8.506644922094011,12.318505115024118,2
64,2,1,4,RLCCA,1,1090308,5.975233980507497,7.4091475604595365,5
64,2,1,4,RLCCA,1,1137413,24.086593587108514,18.560406345632998,11
64,2,1,4,RLCCA,1,1065733,10.362665711650864,2.599636300732824,2
64,2,1,4,RLCCA,1,1014552,10.174687463090272,6.89785595839563,1
64,2,1,4,RLCCA,1,1170182,24.090361793876657,14.878512287929803,11
64,2,1,4,RLCCA,1,1096456,24.299800676440665,15.522526440719881,11
64,2,1,4,RLCCA,1,1020692,9.04247404333199,12.751979116620298,9
64,2,1,4,RLCCA,1,1174285,2.64608484497038,8.508319051826204,1
64,2,1,4,RLCCA,1,1006355,12.946557556354362,20.301913590235095,11
64,2,1,4,RLCCA,1,1151757,8.378332162337808,18.852927676464173,9
64,2,1,4,RLCCA,1,1108750,8.504719151227485,7.266068855846361,5
64,2,1,4,RLCCA,1,1121038,5.247225451813335,7.287760709670992,2
64,2,1,4,RLCCA,1,1100559,11.894414777520995,11.869000277352416,2
64,2,1,4,RLCCA,1,1078064,11.68846585852168,6.5666032901020355,1
64,2,1,4,RLCCA,1,1049392,19.880931855050846,15.172781805327002,11
64,2,1,4,RLCCA,1,1096508,8.797284007498627,6.182826095624296,5
64,2,1,4,RLCCA,1,1116989,0.45365606232549993,23.48277117708563,10
64,2,1,4,RLCCA,1,1041185,10.715090464380664,8.217742018220724,1
64,2,1,4,RLCCA,1,1141567,12.673525504552503,6.6860916727613375,4
64,2,1,4,RLCCA,1,1094433,24.969799645039036,14.623273301694356,11
64,2,1,4,RLCCA,1,1028920,3.4690519718852757,7.969832906005556,5
64,2,1,4,RLCCA,1,1067816,8.835214614261675,9.995704263298489,2
64,2,1,4,RLCCA,1,1149737,21.392392068750677,9.771607827377611,4
64,2,1,4,RLCCA,1,1129256,12.246941907766184,11.231711581458146,2
64,2,1,4,RLCCA,1,1098541,23.653044011599878,5.049733815181854,3
64,2,1,4,RLCCA,1,1045296,9.925821255646671,19.666270690646826,9
64,2,1,4,RLCCA,1,1041230,23.022796364989716,22.93678326475207,11
64,2,1,4,RLCCA,1,1155925,1.9080718151246532,4.557347607272805,1
64,2,1,4,RLCCA,1,1020747,4.702232257024996,9.684623242227296,6
64,2,1,4,RLCCA,1,1170260,3.563346036651752,13.747074456030852,10
64,2,1,4,RLCCA,1,1160023,6.9860876289686065,23.819221341105795,9
64,2,1,4,RLCCA,1,1133398,10.516618737771331,8.076619666880788,1
64,2,1,4,RLCCA,1,1106777,3.1154886547594023,8.50647533135548,5
64,2,1,4,RLCCA,1,1045315,7.0752781490269525,1.6852055847569891,5
64,2,1,4,RLCCA,1,1164099,19.511765820669773,21.334545416494837,11
64,2,1,4,RLCCA,1,1041244,24.795830208119344,14.495821338479406,11
64,2,1,4,RLCCA,1,1082183,16.58614421884035,7.103369559063206,4
64,2,1,4,RLCCA,1,1067848,22.647152918617152,9.154464342284639,3
64,2,1,4,RLCCA,1,1139529,18.48688485383511,4.112694767592674,4
64,2,1,4,RLCCA,1,1063756,4.257070718925923,11.603422049613759,6
64,2,1,4,RLCCA,1,1162097,24.220118217310063,5.748328058148919,3
64,2,1,4,RLCCA,1,1117043,24.236467064033377,18.382969947794077,11
64,2,1,4,RLCCA,1,1102709,4.481692199628142,6.317547329883911,6
64,2,1,4,RLCCA,1,1170299,1.9055090133244383,24.195911617531067,10
64,2,1,4,RLCCA,1,1014624,2.8820350787483857,14.431212054301838,10
64,2,1,4,RLCCA,1,1031039,1.483793763582577,24.03760501222211,10
64,2,1,4,RLCCA,1,1026942,4.68732290442429,3.254819363487706,1
64,2,1,4,RLCCA,1,1080161,14.943471665672668,13.257474664012792,11
64,2,1,4,RLCCA,1,1174371,16.15387081980205,12.905075992157144,11
64,2,1,4,RLCCA,1,1071976,6.241398667949005,21.320649517689436,9
64,2,1,4,RLCCA,1,1065834,24.111537956132555,18.967871106951723,11
64,2,1,4,RLCCA,1,1147754,6.35568662582347,8.012325410499297,5
64,2,1,4,RLCCA,1,1035122,0.9685884295552105,24.56927610372632,10
64,2,1,4,RLCCA,1,1131375,8.414839504870448,21.126104556087892,9
64,2,1,4,RLCCA,1,1047409,11.08616427705197,14.982667020489629,9
64,2,1,4,RLCCA,1,1065839,23.15993663822708,18.86023922562926,11
64,2,1,4,RLCCA,1,1121168,17.596420819722617,24.19604027065556,11
64,2,1,4,RLCCA,1,1137554,9.137820049233536,22.97762315232083,9
64,2,1,4,RLCCA,1,1108883,2.0171234048010613,13.851302034153298,10
64,2,1,4,RLCCA,1,1016710,3.9910582722770678,6.1582267139399125,1
64,2,1,4,RLCCA,1,1108891,12.217190495056974,20.75984959107227,9
64,2,1,4,RLCCA,1,1000351,0.9510216824070994,3.7828433051547874,1
64,2,1,4,RLCCA,1,1090434,10.730026224147892,21.423175356960574,9
64,2,1,4,RLCCA,1,1047453,23.826980487567802,7.124201131274548,3
64,2,1,4,RLCCA,1,1072003,13.307202913731999,7.427041674376818,4
64,2,1,4,RLCCA,1,1170308,4.787572446876135,11.512809289182947,6
64,2,1,4,RLCCA,1,1158022,3.3168161756607577,5.257324837261393,2
64,2,1,4,RLCCA,1,1010584,3.167871689386873,22.214268752389216,13
64,2,1,4,RLCCA,1,1072010,15.12649012118401,14.673556489140097,11
64,2,1,4,RLCCA,1,1014677,12.583297444959287,12.509023180867073,11
64,2,1,4,RLCCA,1,1000336,3.5290600191303367,6.385517949298627,1
64,2,1,4,RLCCA,1,1164174,6.6676421244589275,22.082253714074852,9
64,2,1,4,RLCCA,1,1012654,8.54427688646346,14.5855473607664,9
64,2,1,4,RLCCA,1,1061810,16.320049960383034,10.398921401848199,7
64,2,1,4,RLCCA,1,1010599,10.121485618646965,23.299755808076558,9
64,2,1,4,RLCCA,1,1082297,1.0208914418514852,24.0255229333697,10
64,2,1,4,RLCCA,1,1069985,4.84825254697115,8.475528926990009,5
64,2,1,4,RLCCA,1,1170339,13.562573982856115,2.342104642576345,3
64,2,1,4,RLCCA,1,1000380,23.643512269786342,0.8811201992703077,3
64,2,1,4,RLCCA,1,1106853,8.639621269140193,6.0305591995864365,6
64,2,1,4,RLCCA,1,1026995,4.992316815621867,6.597065597933979,5
64,2,1,4,RLCCA,1,1168300,4.96838580417478,8.773964152832573,5
64,2,1,4,RLCCA,1,1104814,0.10807603238999841,4.44124296346372,1
64,2,1,4,RLCCA,1,1088431,1.7780822655409037,23.349077603349066,10
64,2,1,4,RLCCA,1,1078225,20.60820211203379,22.20086810448803,11
64,2,1,4,RLCCA,1,1055699,10.951129464005769,2.371747504002751,2
64,2,1,4,RLCCA,1,1002444,23.901890342238477,2.781144747019903,3
64,2,1,4,RLCCA,1,1135577,5.1994237944533825,9.542254466330915,5
64,2,1,4,RLCCA,1,1104858,23.11209493077706,3.978388490989185,3
64,2,1,4,RLCCA,1,1074138,23.890160171043973,17.33280791092477,11
64,2,1,4,RLCCA,1,1147869,6.058374982825681,6.551923873529774,6
64,2,1,4,RLCCA,1,1074120,22.203395091710235,1.883044389545418,4
64,2,1,4,RLCCA,1,1096650,5.178712783355321,6.607057524629819,6
64,2,1,4,RLCCA,1,1067979,20.74180985342089,3.433212195852117,4
64,2,1,4,RLCCA,1,1164236,4.4723889643020245,13.336782233162984,10
64,2,1,4,RLCCA,1,1002449,11.080433097011,2.876003019675061,1
64,2,1,4,RLCCA,1,1039343,4.468287247518455,3.275840808138725,1
64,2,1,4,RLCCA,1,1145842,1.526569214994217,24.519427291761197,10
64,2,1,4,RLCCA,1,1088503,11.062873579494811,11.842726034577725,2
64,2,1,4,RLCCA,1,1172472,22.574274855946868,9.870666182960182,3
64,2,1,4,RLCCA,1,1057786,19.289087844547723,11.354477014143102,3
64,2,1,4,RLCCA,1,1135610,8.531835836828034,14.411261650590422,9
64,2,1,4,RLCCA,1,1086462,2.907219276005125,6.003293568867648,2
64,2,1,4,RLCCA,1,1035261,1.7179883896514525,2.228225041788059,1
64,2,1,4,RLCCA,1,1090533,2.406956215591943,6.158595782061687,1
64,2,1,4,RLCCA,1,1113065,20.619980996490643,8.914593502191746,4
64,2,1,4,RLCCA,1,1125355,1.0418651726856223,22.403599904151992,13
64,2,1,4,RLCCA,1,1113070,5.435040674349399,21.400612832881404,13
64,2,1,4,RLCCA,1,1164270,14.811290357269668,11.672720187319594,3
64,2,1,4,RLCCA,1,1166363,23.66867376479677,9.126441650753751,3
64,2,1,4,RLCCA,1,1049627,9.659210856672637,23.937143558684156,9
64,2,1,4,RLCCA,1,1027076,23.416336097546395,9.474858986338411,3
64,2,1,4,RLCCA,1,1014814,9.839487619416655,14.531110512891104,9
64,2,1,4,RLCCA,1,1121282,6.426551026786583,3.2907710345426233,5
64,2,1,4,RLCCA,1,1057796,0.8315195474408156,23.241136947122715,10
64,2,1,4,RLCCA,1,1168391,23.96587094895356,4.813503468891741,3
64,2,1,4,RLCCA,1,1166344,24.03481846340432,12.163808364039417,4
64,2,1,4,RLCCA,1,1104909,2.8011264014631085,16.075885938741514,10
64,2,1,4,RLCCA,1,1057806,21.010415117392746,11.378945739048405,3
64,2,1,4,RLCCA,1,1147918,2.698950515467628,8.155122314850821,5
64,2,1,4,RLCCA,1,1127438,19.962664586829483,7.956143399536665,4
64,2,1,4,RLCCA,1,1123376,4.878583322225093,4.025066967742637,1
64,2,1,4,RLCCA,1,1145907,23.844766139766335,11.99012980684648,4
64,2,1,4,RLCCA,1,1086517,8.273719560947633,5.1941161433868,5
64,2,1,4,RLCCA,1,1006631,2.7693053824501983,6.4093529269816845,1
64,2,1,4,RLCCA,1,1010725,19.313050339536865,2.367019684833148,3
64,2,1,4,RLCCA,1,1047585,23.421219735635745,0.6433672868604894,3
64,2,1,4,RLCCA,1,1170495,8.632318496684357,13.57528369980745,10
64,2,1,4,RLCCA,1,1018940,6.908610056596955,10.076862389080345,5
64,2,1,4,RLCCA,1,1045564,7.31484049208977,21.40363466626123,10
64,2,1,4,RLCCA,1,1059877,21.42472688349366,4.576994491127562,3
64,2,1,4,RLCCA,1,1035322,23.311433127028558,20.608493991465522,11
64,2,1,4,RLCCA,1,1016888,8.637871675600245,11.420150460733765,2
64,2,1,4,RLCCA,1,1143849,23.421665365037132,14.78659066007568,11
64,2,1,4,RLCCA,1,1104937,8.847980386950017,20.804453863241495,9
64,2,1,4,RLCCA,1,1027125,21.865056617551858,22.691661386372456,11
64,2,1,4,RLCCA,1,1096746,1.7332421759282548,15.820212136685871,10
64,2,1,4,RLCCA,1,1000497,23.063791185049837,17.616687095086426,11
64,2,1,4,RLCCA,1,1045582,13.844756043616306,19.867420344317615,11
64,2,1,4,RLCCA,1,1004622,8.603781445120026,5.503651743520331,5
64,2,1,4,RLCCA,1,1088597,8.276830558734222,15.195254583440937,9
64,2,1,4,RLCCA,1,1029191,14.957021967909267,14.3647594806756,11
64,2,1,4,RLCCA,1,1109083,5.519156874782239,7.695870155121633,2
64,2,1,4,RLCCA,1,1152093,23.463470542235257,19.63963599862788,11
64,2,1,4,RLCCA,1,1158236,23.33001510725191,3.041440255938368,7
64,2,1,4,RLCCA,1,1000512,10.395444323945188,1.2334755591154583,2
64,2,1,4,RLCCA,1,1066051,11.47994206422972,23.724261972751957,9
64,2,1,4,RLCCA,1,1037404,23.5791192557267,7.637408721158742,3
64,2,1,4,RLCCA,1,1119300,9.419339457449466,15.676002070190586,9
64,2,1,4,RLCCA,1,1061961,8.363179515940653,2.4981709774476246,5
64,2,1,4,RLCCA,1,1104970,10.657270343330689,19.911184981445047,9
64,2,1,4,RLCCA,1,1023060,20.038498323387877,3.6738551783129783,4
64,2,1,4,RLCCA,1,1088588,19.489101159114046,21.269972080973396,11
64,2,1,4,RLCCA,1,1174605,0.5515931608522815,24.6240813906616,13
64,2,1,4,RLCCA,1,1066097,0.46656348033380707,23.715126793823174,10
64,2,1,4,RLCCA,1,1000557,4.393401931140118,6.985653967474345,1
64,2,1,4,RLCCA,1,1158259,3.4492632104027146,7.701926897814869,1
64,2,1,4,RLCCA,1,1117303,23.11500592063844,8.27945896120667,3
64,2,1,4,RLCCA,1,1141882,1.258490395202001,4.1212111595285315,6
64,2,1,4,RLCCA,1,1045603,7.639898275470166,2.883509980036536,5
64,2,1,4,RLCCA,1,1121377,1.609395334271713,8.467421542213785,1
64,2,1,4,RLCCA,1,1148003,1.9047432086244833,6.4133014430742525,1
64,2,1,4,RLCCA,1,1121383,20.17578817733067,23.19030401867942,11
64,2,1,4,RLCCA,1,1088615,13.352454206762971,6.63411537304254,4
64,2,1,4,RLCCA,1,1025144,22.777696917231772,8.117753626927376,3
64,2,1,4,RLCCA,1,1027191,15.681487080166162,6.984678047328297,4
64,2,1,4,RLCCA,1,1066089,9.597085137350291,23.357290273497036,10
64,2,1,4,RLCCA,1,1055850,7.846494947078157,8.671583235086059,5
64,2,1,4,RLCCA,1,1047669,5.7593102059728185,2.2400634837137017,6
64,2,1,4,RLCCA,1,1025140,3.277090856632872,2.4197169578909747,1
64,2,1,4,RLCCA,1,1150062,22.910635356295565,4.2275545419504885,3
64,2,1,4,RLCCA,1,1064080,0.08368157696442946,23.136067233830996,13
64,2,1,4,RLCCA,1,1057937,24.43251428760678,18.272253523517136,11
64,2,1,4,RLCCA,1,1010829,3.7611477900489714,4.761915325781879,1
64,2,1,4,RLCCA,1,1154197,1.327218947612485,22.85462905025439,10
64,2,1,4,RLCCA,1,1125533,5.787133782740672,1.750509914553317,6
64,2,1,4,RLCCA,1,1098880,3.2504491656690027,6.6922490438727955,2
64,2,1,4,RLCCA,1,1137793,2.0376947572050463,24.981480372911218,10
64,2,1,4,RLCCA,1,1002651,22.34811441457774,16.682270167299954,11
64,2,1,4,RLCCA,1,1133701,9.045033969413906,15.549085220679075,9
64,2,1,4,RLCCA,1,1041558,9.336957390060935,23.399304645225104,10
64,2,1,4,RLCCA,1,1133706,2.259810702434965,6.205275910281969,1
64,2,1,4,RLCCA,1,1031315,24.622418248959335,13.520357476273391,11
64,2,1,4,RLCCA,1,1166478,23.795899054554464,4.937213018304236,3
64,2,1,4,RLCCA,1,1111217,11.589625990348589,21.90117110960491,9
64,2,1,4,RLCCA,1,1027243,4.719638036290064,8.269057602236174,5
64,2,1,4,RLCCA,1,1154230,24.86934717678915,1.4440172952908739,4
64,2,1,4,RLCCA,1,1057977,5.5324425172856175,5.623499723513126,1
64,2,1,4,RLCCA,1,1168568,3.1679104170754475,10.952081580111864,6
64,2,1,4,RLCCA,1,1035454,11.048457978722313,5.740935160187134,6
64,2,1,4,RLCCA,1,1117349,6.778661799328692,11.449312262297488,2
64,2,1,4,RLCCA,1,1039544,13.354085658556993,3.778582174918024,4
64,2,1,4,RLCCA,1,1045687,19.52376704577087,4.855893158021181,3
64,2,1,4,RLCCA,1,1131691,1.3349997442830541,23.768101190294658,10
64,2,1,4,RLCCA,1,1070288,23.346623496761957,3.0309672337966216,4
64,2,1,4,RLCCA,1,1088730,3.0238308044388855,1.1877499891275456,6
64,2,1,4,RLCCA,1,1125594,15.395680846311127,6.342592587699016,4
64,2,1,4,RLCCA,1,1162461,3.0304981207852615,5.362893628464577,1
64,2,1,4,RLCCA,1,1023197,8.480006987772551,8.14942806270525,5
64,2,1,4,RLCCA,1,1074370,24.80969862349237,12.425064116313647,4
64,2,1,4,RLCCA,1,1002717,9.999775467810428,6.780622748515183,6
64,2,1,4,RLCCA,1,1012956,17.799267593701742,23.16941085591638,11
64,2,1,4,RLCCA,1,1021144,8.151031249700983,11.833260678063656,2
64,2,1,4,RLCCA,1,1035478,20.140107715031174,4.140320896641436,4
64,2,1,4,RLCCA,1,1008852,7.7443970178993515,8.905520603727453,6
64,2,1,4,RLCCA,1,1131726,20.033616271379675,8.527183048685178,4
64,2,1,4,RLCCA,1,1131761,5.099892918325866,2.220807786410198,6
64,2,1,4,RLCCA,1,1111283,3.084601586622795,12.112876952028692,6
64,2,1,4,RLCCA,1,1012969,3.382857893022503,0.9203768966352478,6
64,2,1,4,RLCCA,1,1006824,12.490845773155627,19.547306400512458,9
64,2,1,4,RLCCA,1,1012965,7.2196725995811635,21.831398525558377,9
64,2,1,4,RLCCA,1,1008867,3.6350930094232288,13.599167028489198,10
64,2,1,4,RLCCA,1,1066212,4.549068681253502,1.0558520735827803,6
64,2,1,4,RLCCA,1,1109220,10.268341321372537,23.591177447393665,10
64,2,1,4,RLCCA,1,1129700,0.017535613263393035,5.433215857596307,6
64,2,1,4,RLCCA,1,1139943,16.05305675138698,6.781141543635679,4
64,2,1,4,RLCCA,1,1064167,3.958804627314832,1.789254494236515,6
64,2,1,4,RLCCA,1,1029366,0.753140677834449,23.387609786064978,10
64,2,1,4,RLCCA,1,1051884,6.624174480556564,22.04894786908686,10
64,2,1,4,RLCCA,1,1015025,14.386623502325413,6.25379388519427,3
64,2,1,4,RLCCA,1,1045767,12.191278543171975,6.966879775146033,6
64,2,1,4,RLCCA,1,1166592,24.0442333427008,0.922265161210918,3
64,2,1,4,RLCCA,1,1010971,6.790438552504357,21.67646436022327,9
64,2,1,4,RLCCA,1,1160455,23.8254864886551,7.3125347009830755,4
64,2,1,4,RLCCA,1,1142025,11.104152718192672,15.988390472507675,9
64,2,1,4,RLCCA,1,1127689,19.760438698876577,4.260141479095016,4
64,2,1,4,RLCCA,1,1146123,0.13960078572623835,20.922863492875823,10
64,2,1,4,RLCCA,1,1015059,21.871448859926115,11.291403898253055,4
64,2,1,4,RLCCA,1,1023250,0.4494524346508434,10.805511139646395,5
64,2,1,4,RLCCA,1,1160462,3.613084324289292,6.477212914182919,2
64,2,1,4,RLCCA,1,1148208,5.040637327449348,1.4390301697605534,6
64,2,1,4,RLCCA,1,1035565,1.0612417185764378,4.004197136198425,1
64,2,1,4,RLCCA,1,1006893,12.194107013381076,10.694182080866643,2
64,2,1,4,RLCCA,1,1140021,10.62734683443535,0.46357872564750136,5
64,2,1,4,RLCCA,1,1027366,22.794139845818936,2.363221826986233,4
64,2,1,4,RLCCA,1,1064251,15.621168951017882,7.122512032957626,4
64,2,1,4,RLCCA,1,1078591,19.841349626441964,5.555300327293059,4
64,2,1,4,RLCCA,1,1011002,8.411395760204014,20.61391362597482,9
64,2,1,4,RLCCA,1,1148199,10.012629922590799,22.427612573205437,9
64,2,1,4,RLCCA,1,1070376,1.124869189463909,4.5748639535418585,1
64,2,1,4,RLCCA,1,1043767,8.162843365760738,11.700996306097307,2
64,2,1,4,RLCCA,1,1045811,24.238693310465216,0.09759601906532556,3
64,2,1,4,RLCCA,1,1109293,2.554403999287734,6.421779115289341,2
64,2,1,4,RLCCA,1,1115439,7.824281412351308,7.639522766652601,5
64,2,1,4,RLCCA,1,1066287,8.31810304118293,11.059968577840307,2
64,2,1,4,RLCCA,1,1023280,1.2761494631816044,24.525462265745936,10
64,2,1,4,RLCCA,1,1064275,13.445351384269086,20.54240864137856,11
64,2,1,4,RLCCA,1,1082708,3.588176716275498,4.188907697168821,1
64,2,1,4,RLCCA,1,1101141,15.231120695158964,10.894946619098949,7
64,2,1,4,RLCCA,1,1092950,1.295551623042851,11.93464951450221,5
64,2,1,4,RLCCA,1,1068374,22.15508625040874,3.0032748839958354,4
64,2,1,4,RLCCA,1,1152346,11.387254544775972,22.264694611004252,9
64,2,1,4,RLCCA,1,1070428,20.49970264705491,10.51253183936625,3
64,2,1,4,RLCCA,1,1117532,16.807178615215573,11.618921209973609,7
64,2,1,4,RLCCA,1,1164639,19.16942897569941,4.095756952287566,4
64,2,1,4,RLCCA,1,1166657,14.560628386580563,11.082739635814482,3
64,2,1,4,RLCCA,1,1080640,2.050379168457238,6.2196069266346266,5
64,2,1,4,RLCCA,1,1066307,23.471226639704927,8.777453506294044,3
64,2,1,4,RLCCA,1,1156422,24.1976215275762,17.32284250025018,11
64,2,1,4,RLCCA,1,1027414,23.99911291794087,8.040869331598698,3
64,2,1,4,RLCCA,1,1103177,1.25183403483729,11.413836001481538,5
64,2,1,4,RLCCA,1,1043797,7.754819725042078,2.7538450525096736,5
64,2,1,4,RLCCA,1,1090891,9.698637141297182,1.6802573936128873,5
64,2,1,4,RLCCA,1,1152335,21.934700850609197,2.41840926426298,4
64,2,1,4,RLCCA,1,1144142,23.554638698407413,1.9627411305598264,3
64,2,1,4,RLCCA,1,1049970,9.208503039700139,22.0900716687601,10
64,2,1,4,RLCCA,1,1027436,9.518503895344928,12.772285386656414,9
64,2,1,4,RLCCA,1,1080691,24.63760457175774,0.5369272937517344,4
64,2,1,4,RLCCA,1,1113463,8.863435771009339,14.023778757634753,9
64,2,1,4,RLCCA,1,1058168,3.9499460837192975,7.845620341874714,1
64,2,1,4,RLCCA,1,1080696,11.32128501969397,10.908288188654884,2
64,2,1,4,RLCCA,1,1039719,8.850490445482444,7.742654560446834,5
64,2,1,4,RLCCA,1,1072504,5.673484181117641,7.141754477888295,6
64,2,1,4,RLCCA,1,1035621,1.4582545886830376,2.282523759940279,1
64,2,1,4,RLCCA,1,1058172,3.4028976121575427,11.642906184490636,5
64,2,1,4,RLCCA,1,1049980,24.669515145191085,18.219501326425497,11
64,2,1,4,RLCCA,1,1103229,24.563391618953105,8.30965078350924,3
64,2,1,4,RLCCA,1,1160544,23.676778461850404,7.3278931742662055,3
64,2,1,4,RLCCA,1,1148258,0.693773444167614,3.6176552828800195,1
64,2,1,4,RLCCA,1,1002875,10.587833404111805,12.577177091612022,10
64,2,1,4,RLCCA,1,1127780,10.206175951085603,0.3563763156108941,5
64,2,1,4,RLCCA,1,1150315,15.605066227983787,10.8936488279284,3
64,2,1,4,RLCCA,1,1006961,9.543749143609928,15.502926474613092,9
64,2,1,4,RLCCA,1,1088917,11.438124345757577,10.34588922343465,6
64,2,1,4,RLCCA,1,1101213,3.572918899698784,6.15892538106558,2
64,2,1,4,RLCCA,1,1015199,21.546508419425432,16.13388615305792,11
64,2,1,4,RLCCA,1,1080708,0.7725752176949308,13.76534411181764,10
64,2,1,4,RLCCA,1,1060230,9.703915498668547,12.376232352134934,2
64,2,1,4,RLCCA,1,1080710,7.90129481298009,0.6109392791330521,2
64,2,1,4,RLCCA,1,1045908,8.967919551127688,2.91727434861997,2
64,2,1,4,RLCCA,1,1068429,9.690463076936092,16.915133218186856,9
64,2,1,4,RLCCA,1,1152436,9.226846529214265,23.75245769858716,9
64,2,1,4,RLCCA,1,1084855,11.87624012095115,12.410758209338246,2
64,2,1,4,RLCCA,1,1068472,16.433603110632987,8.049581815253298,4
64,2,1,4,RLCCA,1,1060282,3.4697497169450084,6.6343701239964386,2
64,2,1,4,RLCCA,1,1168829,2.4967087576765343,12.243833879124686,6
64,2,1,4,RLCCA,1,1043874,2.5490575527969686,8.388278161250597,2
64,2,1,4,RLCCA,1,1027490,24.595376052248582,3.419960151337988,3
64,2,1,4,RLCCA,1,1076640,21.35037170598716,10.327109506218427,3
64,2,1,4,RLCCA,1,1047994,23.588227795920556,5.275746699839912,3
64,2,1,4,RLCCA,1,1078696,6.378208206550621,21.58544861956082,9
64,2,1,4,RLCCA,1,1037746,10.969323081213519,12.401172270118561,6
64,2,1,4,RLCCA,1,1164757,23.631461723585318,0.43722619903257953,3
64,2,1,4,RLCCA,1,1127898,23.9450858735091,4.811757779951024,3
64,2,1,4,RLCCA,1,1045956,7.7046757553809515,19.820282199774255,10
64,2,1,4,RLCCA,1,1097154,2.9412070434319593,8.842237655903403,1
64,2,1,4,RLCCA,1,1043933,5.026221502307848,2.3696950987886893,6
64,2,1,4,RLCCA,1,1158594,0.11036920054517774,24.521309228269207,10
64,2,1,4,RLCCA,1,1045976,6.49772575251025,2.5956461326250806,5
64,2,1,4,RLCCA,1,1091018,3.471765803493669,1.896382117459073,1
64,2,1,4,RLCCA,1,1125835,23.81045689540938,0.7801294214662458,3
64,2,1,4,RLCCA,1,1107404,16.93116383631204,23.810470478864424,11
64,2,1,4,RLCCA,1,1097202,7.847331732169695,8.05387344506161,5
64,2,1,4,RLCCA,1,1156597,12.992686067458314,14.54749555007218,11
64,2,1,4,RLCCA,1,1121791,3.7557276917033238,8.90338833260259,1
64,2,1,4,RLCCA,1,1011169,0.9964180963198804,11.778629222569156,5
64,2,1,4,RLCCA,1,1021435,23.377094205999196,8.188218568847317,3
64,2,1,4,RLCCA,1,1070564,1.8812578547314134,24.920411537494104,13
64,2,1,4,RLCCA,1,1068519,3.2986835501898386,4.574360325585828,2
64,2,1,4,RLCCA,1,1023480,9.136847302957355,9.87301284241184,2
64,2,1,4,RLCCA,1,1007096,3.2713415143397704,13.894749618088753,10
64,2,1,4,RLCCA,1,1168874,9.545618398047875,8.449420426586158,1
64,2,1,4,RLCCA,1,1033714,21.13116083881551,4.918338894156309,4
64,2,1,4,RLCCA,1,1076718,4.475219868008159,7.232389912952938,1
64,2,1,4,RLCCA,1,1093137,19.902931142163293,10.227459923901865,3
64,2,1,4,RLCCA,1,1023498,2.7183277573144426,7.696907090831454,1
64,2,1,4,RLCCA,1,1121814,19.77863003666196,1.3862235862461554,4
64,2,1,4,RLCCA,1,1162777,22.030751041320748,17.308188638372133,11
64,2,1,4,RLCCA,1,1052185,3.7886793154925167,22.41790499744567,13
64,2,1,4,RLCCA,1,1037828,5.227266041325719,6.2977003450182005,1
64,2,1,4,RLCCA,1,1109532,18.063217299437646,22.62311501053009,11
64,2,1,4,RLCCA,1,1138204,4.262027622410088,0.6000211215218352,6
64,2,1,4,RLCCA,1,1037825,12.51734584236218,23.455216994567586,11
64,2,1,4,RLCCA,1,1068575,22.90342700729839,3.4081264131110487,3
64,2,1,4,RLCCA,1,1091077,18.98834124149511,8.406947400695755,4
64,2,1,4,RLCCA,1,1064454,5.4857450276391,5.507289597867085,5
64,2,1,4,RLCCA,1,1080840,19.742518108312883,22.164675286112505,11
64,2,1,4,RLCCA,1,1115657,13.81328930747185,3.0687954748381125,3
64,2,1,4,RLCCA,1,1086988,22.649818850983866,16.06609955453887,11
64,2,1,4,RLCCA,1,1035794,21.07047410722269,16.1009759833588,11
64,2,1,4,RLCCA,1,1080847,13.736252371677317,10.25640457513964,3
64,2,1,4,RLCCA,1,1101362,4.360992071259663,4.504743771911473,1
64,2,1,4,RLCCA,1,1029676,7.556530178941612,22.475048661622367,13
64,2,1,4,RLCCA,1,1117748,20.35585440060675,7.8869087253801835,4
64,2,1,4,RLCCA,1,1072695,4.216216662035902,0.8843185912637829,6
64,2,1,4,RLCCA,1,1171001,20.915682227545098,23.08668669744441,11
64,2,1,4,RLCCA,1,1021475,8.212710907500488,13.730501955662293,9
64,2,1,4,RLCCA,1,1123875,8.76202988051675,22.723008529657974,9
64,2,1,4,RLCCA,1,1072675,5.55893716841285,6.891340850438082,2
64,2,1,4,RLCCA,1,1103396,8.763542062771739,22.07222413752774,10
64,2,1,4,RLCCA,1,1066534,3.8422528473497684,11.955674854467723,6
64,2,1,4,RLCCA,1,1023543,14.570583168839168,21.317661266529303,11
64,2,1,4,RLCCA,1,1095210,5.083177073010909,8.022135925829364,6
64,2,1,4,RLCCA,1,1048116,8.961861496815699,14.142261268639189,9
64,2,1,4,RLCCA,1,1115692,14.360793649752695,10.82160626608842,3
64,2,1,4,RLCCA,1,1017423,24.822188231903965,2.1121869317379076,3
64,2,1,4,RLCCA,1,1072724,9.21846184542555,0.7061376336428412,2
64,2,1,4,RLCCA,1,1119828,22.731212405426604,5.347815449788338,3
64,2,1,4,RLCCA,1,1152596,12.877518912239754,6.251005329044244,4
64,2,1,4,RLCCA,1,1072726,3.6459780545230287,8.689807341778181,1
64,2,1,4,RLCCA,1,1027655,5.567864901611069,20.573207195681633,9
64,2,1,4,RLCCA,1,1035846,24.416670359969117,13.991515666636303,11
64,2,1,4,RLCCA,1,1105498,21.265170013669156,10.013015259061754,4
64,2,1,4,RLCCA,1,1072735,15.82845957624767,6.555465106352347,4
64,2,1,4,RLCCA,1,1095235,2.0989324467347537,21.710457037253754,10
64,2,1,4,RLCCA,1,1076808,23.855986553588522,18.84503535569738,11
64,2,1,4,RLCCA,1,1068617,4.928060406493635,4.961427189689281,1
64,2,1,4,RLCCA,1,1164874,5.022465128915756,12.924365560747471,10
64,2,1,4,RLCCA,1,1078863,6.132486175303342,1.9797321660761507,1
64,2,1,4,RLCCA,1,1107535,3.3450395572905376,2.7179698797948704,1
64,2,1,4,RLCCA,1,1142387,11.707376578613589,0.19692403775900924,5
64,2,1,4,RLCCA,1,1017448,8.696411779678982,11.559816853231938,2
64,2,1,4,RLCCA,1,1121910,7.365376544219274,14.12802621637488,9
64,2,1,4,RLCCA,1,1085055,11.166972615911986,5.712234735860037,6
64,2,1,4,RLCCA,1,1072737,1.2196890717741127,22.78584136592888,10
64,2,1,4,RLCCA,1,1072738,2.7010261294317957,7.1133171975369995,2
64,2,1,4,RLCCA,1,1072740,0.07313343507969963,24.433378224180135,10
64,2,1,4,RLCCA,1,1168996,17.30141380653354,6.563441358383935,4
64,2,1,4,RLCCA,1,1029746,1.2167965008455661,4.668793780883523,1
64,2,1,4,RLCCA,1,1173139,20.923386292488345,6.182776027751067,4
64,2,1,4,RLCCA,1,1117844,3.117858464676962,5.476359683845927,2
64,2,1,4,RLCCA,1,1169044,10.493476830597219,19.455832615238315,9
64,2,1,4,RLCCA,1,1003142,12.599645722531386,6.331579405494086,3
64,2,1,4,RLCCA,1,1109662,7.953072833234545,1.2635658552656819,5
64,2,1,4,RLCCA,1,1095297,22.610977077874136,19.378261825787938,11
64,2,1,4,RLCCA,1,1072776,9.63153014291113,6.455817544143716,5
64,2,1,4,RLCCA,1,1162888,1.4246339599913078,6.815543890550936,6
64,2,1,4,RLCCA,1,1115784,3.1385203981999026,10.84459215240494,6
64,2,1,4,RLCCA,1,1099402,4.114424925289941,7.080561390203545,5
64,2,1,4,RLCCA,1,1019539,2.616503084116757,4.083417973565997,5
64,2,1,4,RLCCA,1,1154700,6.471157877142305,1.6281524706690025,5
64,2,1,4,RLCCA,1,1046191,0.546074148622163,23.028102854249287,10
64,2,1,4,RLCCA,1,1037994,7.103973480270374,24.86046181491018,10
64,2,1,4,RLCCA,1,1152701,4.252592921373198,11.769050935309718,6
64,2,1,4,RLCCA,1,1015457,3.991162102659695,13.183335183407628,10
64,2,1,4,RLCCA,1,1009342,8.218487159251548,24.461175551016495,9
64,2,1,4,RLCCA,1,1087140,7.613103884193818,7.345911396428558,6
64,2,1,4,RLCCA,1,1007290,9.814491486725153,0.7969509545877523,2
64,2,1,4,RLCCA,1,1169060,14.009321501888019,7.418416507287254,4
64,2,1,4,RLCCA,1,1083046,3.916209170776022,4.558064432704359,1
64,2,1,4,RLCCA,1,1078950,8.891539988191319,6.693366345781749,5
64,2,1,4,RLCCA,1,1169064,23.2219124887856,19.765165099410023,11
64,2,1,4,RLCCA,1,1117866,23.853560178441384,13.483470497390906,11
64,2,1,4,RLCCA,1,1117869,0.36193136182001306,11.911678477892906,5
64,2,1,4,RLCCA,1,1060525,5.56266620082299,9.341854365005771,5
64,2,1,4,RLCCA,1,1119919,23.32670490093075,1.0403422903623143,3
64,2,1,4,RLCCA,1,1144494,20.996142854034296,4.972151168380551,4
64,2,1,4,RLCCA,1,1072849,23.109300987171657,15.640304892307658,11
64,2,1,4,RLCCA,1,1117907,8.789900333578023,14.237860916194453,9
64,2,1,4,RLCCA,1,1146581,2.4145485927471193,11.994559983854007,6
64,2,1,4,RLCCA,1,1011400,14.663324804589303,3.2489429365052307,3
64,2,1,4,RLCCA,1,1060571,8.584439841206269,0.4208182051434923,2
64,2,1,4,RLCCA,1,1052381,20.822242400264923,2.05069960065468,4
64,2,1,4,RLCCA,1,1048284,23.12485077869033,3.0982380381260652,4
64,2,1,4,RLCCA,1,1136326,24.082886159916466,12.364678807457393,4
64,2,1,4,RLCCA,1,1040084,10.936874547684695,12.020475677968143,6
64,2,1,4,RLCCA,1,1038034,12.811512284533144,13.064707468315579,11
64,2,1,4,RLCCA,1,1003218,4.459172564361273,14.414262426127284,10
64,2,1,4,RLCCA,1,1171185,14.259406172707306,14.677641990371313,11
64,2,1,4,RLCCA,1,1085171,7.920939859498026,0.6978216275765502,2
64,2,1,4,RLCCA,1,1009386,12.222266743153579,8.287222427790235,6
64,2,1,4,RLCCA,1,1101558,24.008098900143146,4.820758941959847,3
64,2,1,4,RLCCA,1,1126135,2.962269991215692,23.762183555599517,13
64,2,1,4,RLCCA,1,1040102,23.339608230103522,9.145525815973555,3
64,2,1,4,RLCCA,1,1072891,3.13885352417935,5.597353367184204,1
64,2,1,4,RLCCA,1,1169151,20.201180546265725,7.766576588749153,4
64,2,1,4,RLCCA,1,1011455,23.477796671609802,19.578044884455164,11
64,2,1,4,RLCCA,1,1103584,11.140420976316257,14.054004648632226,10
64,2,1,4,RLCCA,1,1091298,0.11605380105136615,24.12271976417117,10
64,2,1,4,RLCCA,1,1064682,0.33169442846155434,23.74616485375601,13
64,2,1,4,RLCCA,1,1048306,1.0361395084393281,12.717735941619697,10
64,2,1,4,RLCCA,1,1079056,9.871610105827195,24.060549952384946,9
64,2,1,4,RLCCA,1,1079057,23.591849491048958,1.4131112284796177,3
64,2,1,4,RLCCA,1,1124115,7.757185031390583,24.184373136238495,9
64,2,1,4,RLCCA,1,1066771,0.829986714114496,10.049864176508603,5
64,2,1,4,RLCCA,1,1027847,4.503048552154951,2.612241123987573,1
64,2,1,4,RLCCA,1,1038085,4.805249012519607,7.199770041799179,5
64,2,1,4,RLCCA,1,1152795,0.9670313256982344,24.34777030882706,10
64,2,1,4,RLCCA,1,1142554,19.111912650834636,3.102485165139591,4
64,2,1,4,RLCCA,1,1081117,24.35764204480497,8.801676440044792,3
64,2,1,4,RLCCA,1,1072927,2.2984225405463947,4.098032325300677,1
64,2,1,4,RLCCA,1,1093381,3.894499119454373,4.721545886034513,1
64,2,1,4,RLCCA,1,1140491,16.72080134456254,10.446354606799297,7
64,2,1,4,RLCCA,1,1029906,0.875296268020328,3.7738661615133977,1
64,2,1,4,RLCCA,1,1089293,11.422176027081377,22.513687994122503,9
64,2,1,4,RLCCA,1,1027887,3.986033605276748,4.769554041942329,1
64,2,1,4,RLCCA,1,1146672,6.029709009278413,23.67892656649512,13
64,2,1,4,RLCCA,1,1003307,6.998285977788774,20.58491715184245,9
64,2,1,4,RLCCA,1,1029929,6.832592965750043,7.059970072156251,5
64,2,1,4,RLCCA,1,1029926,8.048259830228798,15.0622249926588,9
64,2,1,4,RLCCA,1,1040163,5.962226293821546,2.0088438246681717,5
64,2,1,4,RLCCA,1,1103677,2.0159680460943434,2.942026939994492,1
64,2,1,4,RLCCA,1,1122111,20.54852030585777,9.656130835184367,4
64,2,1,4,RLCCA,1,1138467,9.449547475116235,22.903318740454665,9
64,2,1,4,RLCCA,1,1165092,9.59267299669212,19.928207224194487,9
64,2,1,4,RLCCA,1,1169188,0.703070637630691,23.205352933573103,10
64,2,1,4,RLCCA,1,1150759,10.82574842803037,6.67041144759686,1
64,2,1,4,RLCCA,1,1136422,2.4568008800536223,23.411624325626928,13
64,2,1,4,RLCCA,1,1150765,3.988247413408452,8.14319566665733,2
64,2,1,4,RLCCA,1,1079120,23.252107910495653,14.027352992983914,11
64,2,1,4,RLCCA,1,1007437,4.414284250781469,8.257333977562595,5
64,2,1,4,RLCCA,1,1136468,8.388721234629203,24.50143761985723,9
64,2,1,4,RLCCA,1,1107800,9.685293411570719,5.450173850881308,5
64,2,1,4,RLCCA,1,1079128,23.807300834979557,8.497718331312958,4
64,2,1,4,RLCCA,1,1017668,14.599723935166345,15.47846997105768,11
64,2,1,4,RLCCA,1,1003332,5.051353946965064,8.831755570199821,6
64,2,1,4,RLCCA,1,1087325,2.5000356785836244,24.471719828535413,10
64,2,1,4,RLCCA,1,1044289,3.521573475014132,7.420706897375533,2
64,2,1,4,RLCCA,1,1161055,11.146614366362659,20.333892013032226,9
64,2,1,4,RLCCA,1,1077058,16.306719003935967,9.320971911884874,7
64,2,1,4,RLCCA,1,1064773,9.76415101231646,13.422200022440398,10
64,2,1,4,RLCCA,1,1046361,10.107246843591101,18.540356617938656,9
64,2,1,4,RLCCA,1,1091403,4.163827710171522,8.263023208930015,5
64,2,1,4,RLCCA,1,1152847,5.618201329218644,7.666722825263241,6
64,2,1,4,RLCCA,1,1025903,23.787913808062367,0.45429686265996666,3
64,2,1,4,RLCCA,1,1058675,16.621840211534344,10.334704465260334,7
64,2,1,4,RLCCA,1,1042283,23.707031691290258,4.8842316956370455,3
64,2,1,4,RLCCA,1,1093492,10.528702765912838,12.921691420877423,9
64,2,1,4,RLCCA,1,1036138,2.2567189381741244,12.885061634634118,10
64,2,1,4,RLCCA,1,1136505,3.7980827958842642,4.438497678376599,1
64,2,1,4,RLCCA,1,1027941,4.043053740075275,2.059182302030347,1
64,2,1,4,RLCCA,1,1083236,23.946944717199674,2.7213642618331058,3
64,2,1,4,RLCCA,1,1007481,24.331781247199036,12.765305539310356,11
64,2,1,4,RLCCA,1,1081190,21.641571451313204,2.304074232409388,4
64,2,1,4,RLCCA,1,1056617,5.814215363921981,7.142327974299908,2
64,2,1,4,RLCCA,1,1048438,14.467289144985953,10.229014003414127,3
64,2,1,4,RLCCA,1,1138536,11.612598057127085,6.824197648721203,6
64,2,1,4,RLCCA,1,1038195,23.625122862327828,10.877164717130555,4
64,2,1,4,RLCCA,1,1087343,3.892618039522686,4.480333516188474,1
64,2,1,4,RLCCA,1,1042288,23.960467931829996,0.5722548854537115,3
64,2,1,4,RLCCA,1,1150865,23.724623389102245,19.697623147538966,11
64,2,1,4,RLCCA,1,1019789,8.807214376823921,8.908534404407176,5
64,2,1,4,RLCCA,1,1079186,15.861309052607213,7.614759126477088,4
64,2,1,4,RLCCA,1,1154962,8.721673703010673,16.87115680672032,9
64,2,1,4,RLCCA,1,1058707,7.860267265899393,8.802686392006365,5
64,2,1,4,RLCCA,1,1030027,22.878827322767567,17.42044768805807,11
64,2,1,4,RLCCA,1,1034122,10.731587016053096,0.8306820480679413,2
64,2,1,4,RLCCA,1,1011592,3.853418051885132,7.260880947456293,5
64,2,1,4,RLCCA,1,1154970,0.5620408186801895,12.770916891831705,10
64,2,1,4,RLCCA,1,1027971,15.648827298193371,7.3194255384217675,4
64,2,1,4,RLCCA,1,1167232,1.4471753669056135,12.033659228973807,5
64,2,1,4,RLCCA,1,1111939,9.210095751787108,8.43752015226527,5
64,2,1,4,RLCCA,1,1148802,10.790613542262657,24.441675855933944,10
64,2,1,4,RLCCA,1,1001365,7.5717749515443495,6.17974284975945,5
64,2,1,4,RLCCA,1,1138574,14.660250113425192,10.67869811870121,3
64,2,1,4,RLCCA,1,1167281,4.119940712036723,5.18238926083942,2
64,2,1,4,RLCCA,1,1040303,9.02379676428794,13.229748398243729,9
64,2,1,4,RLCCA,1,1148848,16.248032015501014,10.753500264256733,7
64,2,1,4,RLCCA,1,1128370,21.092180246642698,22.428240674193813,11
64,2,1,4,RLCCA,1,1005484,8.087603353526202,11.833263322623802,2
64,2,1,4,RLCCA,1,1103796,11.065912894902835,13.448450600964234,10
64,2,1,4,RLCCA,1,1159093,2.868671615018344,23.989389221183274,13
64,2,1,4,RLCCA,1,1068984,11.31809451798032,15.662535296863945,9
64,2,1,4,RLCCA,1,1064889,14.2707544161965,6.22744259345019,4
64,2,1,4,RLCCA,1,1095614,24.257133189025286,8.430199659042199,3
64,2,1,4,RLCCA,1,1040289,22.550586478782016,11.984639542318128,4
64,2,1,4,RLCCA,1,1025952,2.0725022508003472,5.525104511058646,1
64,2,1,4,RLCCA,1,1150881,2.0603905469264294,7.538741587908062,1
64,2,1,4,RLCCA,1,1157025,4.318259755166596,6.271797530835309,5
64,2,1,4,RLCCA,1,1030076,22.682122647567567,7.863964402188927,3
64,2,1,4,RLCCA,1,1058723,4.327737172464408,13.985585477509701,10
64,2,1,4,RLCCA,1,1068963,23.088428749180316,3.3359801181767748,4
64,2,1,4,RLCCA,1,1130405,11.42428015515027,13.929604526591696,9
64,2,1,4,RLCCA,1,1136549,16.26009323943368,5.451160624353079,4
64,2,1,4,RLCCA,1,1140649,8.23869647335886,9.029047997786906,5
64,2,1,4,RLCCA,1,1017782,11.052992876962545,12.091462967279789,2
64,2,1,4,RLCCA,1,1046452,0.8652556663862827,23.32175463239835,10
64,2,1,4,RLCCA,1,1009585,2.3799251619771784,8.46005753746319,1
64,2,1,4,RLCCA,1,1081262,3.3303501257607797,6.746398511279462,5
64,2,1,4,RLCCA,1,1140689,15.537058688428068,7.026598375924489,4
64,2,1,4,RLCCA,1,1058769,1.938586036911658,4.971332445216076,1
64,2,1,4,RLCCA,1,1046477,1.7525551133486483,4.0088762121183406,1
64,2,1,4,RLCCA,1,1085400,11.910427280428117,13.90072442928255,9
64,2,1,4,RLCCA,1,1011651,14.75164038296885,15.76871519783101,11
64,2,1,4,RLCCA,1,1163205,0.4529655658143636,4.752682872378827,1
64,2,1,4,RLCCA,1,1015768,7.702641691329815,12.699613195561836,9
64,2,1,4,RLCCA,1,1091528,10.064511926306373,10.555393304839097,2
64,2,1,4,RLCCA,1,1120205,23.99677689854988,6.550698173429838,3
64,2,1,4,RLCCA,1,1146831,2.749163542521773,23.547905887699816,13
64,2,1,4,RLCCA,1,1087476,23.965982701779055,6.461218882780269,3
64,2,1,4,RLCCA,1,1042410,7.742484362627487,22.815435743583354,10
64,2,1,4,RLCCA,1,1023977,9.539577119586857,23.3658702912383,9
64,2,1,4,RLCCA,1,1079288,13.249085311868692,12.650252308620134,11
64,2,1,4,RLCCA,1,1157112,9.593887101859783,17.67241418203001,9
64,2,1,4,RLCCA,1,1148923,3.177344999031309,11.541438473488558,6
64,2,1,4,RLCCA,1,1099774,9.280938015403612,5.0288439701579515,5
64,2,1,4,RLCCA,1,1042431,9.38565969868335,13.237283859275122,9
64,2,1,4,RLCCA,1,1028095,13.40895903145016,14.769646059892137,11
64,2,1,4,RLCCA,1,1126369,2.756076463183536,14.800788676949306,10
64,2,1,4,RLCCA,1,1132512,1.7483456244804245,13.183408249223294,10
64,2,1,4,RLCCA,1,1064931,6.074717007812995,3.8599025392336146,6
64,2,1,4,RLCCA,1,1148901,8.833286836981701,17.04505798778091,9
64,2,1,4,RLCCA,1,1079269,17.764331982736575,22.49323640588317,11
64,2,1,4,RLCCA,1,1101799,23.97030354379736,6.373390940812378,3
64,2,1,4,RLCCA,1,1079278,3.375657799313908,22.74947361734747,9
64,2,1,4,RLCCA,1,1167342,24.730211502481065,20.80833972275035,11
