64,4,20,1,RLCCA,1,1150992,10.358291569462988,0.37139221117851307,2
64,4,20,1,RLCCA,1,1116179,20.057656806828348,9.356411121128135,8
64,4,20,1,RLCCA,1,1036292,5.0471864905542905,11.560573814843524,5
64,4,20,1,RLCCA,1,1009668,19.99205420113021,2.621351582279603,4
64,4,20,1,RLCCA,1,1083420,10.316387801698063,5.3243150171847615,2
64,4,20,1,RLCCA,1,1075229,12.475968774152811,17.436387114049918,10
64,4,20,1,RLCCA,1,1003521,6.170285824731584,5.333406794284006,1
64,4,20,1,RLCCA,1,1030144,12.811078482611306,23.414816458102273,15
64,4,20,1,RLCCA,1,1171459,3.5960347039563025,17.174743192939545,9
64,4,20,1,RLCCA,1,1112070,19.55403143925584,2.6242280428270384,4
64,4,20,1,RLCCA,1,1060873,3.8375707591773747,18.826147487977018,13
64,4,20,1,RLCCA,1,1032213,5.161910613439392,18.36301186073579,13
64,4,20,1,RLCCA,1,1130508,7.052184525005302,17.599891474048384,13
64,4,20,1,RLCCA,1,1165327,12.58973440026221,4.137391829788749,3
64,4,20,1,RLCCA,1,1095728,6.134953554392446,24.298471885262174,13
64,4,20,1,RLCCA,1,1065010,10.11916826669907,9.319996703781232,6
64,4,20,1,RLCCA,1,1013804,15.191601151822004,2.5411458354349623,3
64,4,20,1,RLCCA,1,1017897,16.82961623147258,9.950967602302455,7
64,4,20,1,RLCCA,1,1060919,21.189774674210167,8.916779250024256,8
64,4,20,1,RLCCA,1,1011751,17.75928550975755,23.785845357260982,16
64,4,20,1,RLCCA,1,1089598,14.176474616538826,22.011654357290716,15
64,4,20,1,RLCCA,1,1124385,6.744097617819571,5.920050263220748,1
64,4,20,1,RLCCA,1,1093664,7.5568234625436315,13.738196121691548,10
64,4,20,1,RLCCA,1,1099811,15.989243435752105,18.275272441243033,15
64,4,20,1,RLCCA,1,1126437,2.7491373810798727,1.0249050741182444,1
64,4,20,1,RLCCA,1,1105957,23.37575255112304,7.830114733753994,8
64,4,20,1,RLCCA,1,1075239,5.0786919318248405,12.591758445619522,9
64,4,20,1,RLCCA,1,1026104,8.820209422220412,16.667063097764117,10
64,4,20,1,RLCCA,1,1024055,8.405276493526422,13.031311718557086,10
64,4,20,1,RLCCA,1,1165353,5.71772796532564,6.949015545408129,1
64,4,20,1,RLCCA,1,1163311,11.022456042280481,23.179218990585866,14
64,4,20,1,RLCCA,1,1108014,3.781023721854517,21.164888420618254,13
64,4,20,1,RLCCA,1,1062993,13.18891279199882,8.127845969912658,7
64,4,20,1,RLCCA,1,1169492,17.440054938219497,1.5537646755119745,3
64,4,20,1,RLCCA,1,1024071,15.756139554146614,4.965851371248962,3
64,4,20,1,RLCCA,1,1017923,6.808276539687348,4.305399992863718,1
64,4,20,1,RLCCA,1,1144924,5.130109696575719,10.553923994829244,5
64,4,20,1,RLCCA,1,1081418,3.785122482793259,19.058780905722973,13
64,4,20,1,RLCCA,1,1046611,12.457584182125995,6.854086522171112,2
64,4,20,1,RLCCA,1,1075276,13.767945890400643,15.416963471295789,11
64,4,20,1,RLCCA,1,1095758,22.140903189603527,4.102159953668188,4
64,4,20,1,RLCCA,1,1011793,4.891163543387727,1.9472889447226027,1
64,4,20,1,RLCCA,1,1130609,15.14842211238977,5.734037807218673,3
64,4,20,1,RLCCA,1,1011820,10.479127393490188,15.551067074606838,10
64,4,20,1,RLCCA,1,1099892,6.433322379413088,23.360183427805172,13
64,4,20,1,RLCCA,1,1144950,16.59903396960041,3.988291768970554,3
64,4,20,1,RLCCA,1,1011814,2.424940934267923,5.4373344431933,1
64,4,20,1,RLCCA,1,1005670,7.845542780699748,2.9659195789781636,2
64,4,20,1,RLCCA,1,1155195,6.70013929405271,11.44958050765955,5
64,4,20,1,RLCCA,1,1030242,19.977371398037093,13.317501515572934,12
64,4,20,1,RLCCA,1,1065059,21.802530050368038,13.926549401699816,12
64,4,20,1,RLCCA,1,1011836,12.751949370399473,9.801922428904335,7
64,4,20,1,RLCCA,1,1130596,6.007459136064973,21.855207643264364,13
64,4,20,1,RLCCA,1,1128554,18.78255541279563,21.13286015658934,16
64,4,20,1,RLCCA,1,1009778,7.08192448962785,5.672912364700476,1
64,4,20,1,RLCCA,1,1063021,18.242019026293825,3.9948715409581963,4
64,4,20,1,RLCCA,1,1044593,23.13562625398205,16.152872344603608,12
64,4,20,1,RLCCA,1,1073296,0.6508750500133269,18.276053958243722,13
64,4,20,1,RLCCA,1,1065105,1.5390674523951233,22.860059945398234,13
64,4,20,1,RLCCA,1,1020045,0.1288008805006733,7.061133956398181,1
64,4,20,1,RLCCA,1,1050771,24.479178921237832,5.480709662316654,4
64,4,20,1,RLCCA,1,1063059,11.644050219981006,20.58676636144268,14
64,4,20,1,RLCCA,1,1013892,24.282707123185475,22.84307508875968,16
64,4,20,1,RLCCA,1,1024155,1.1568692068501374,3.3364532104110314,1
64,4,20,1,RLCCA,1,1116303,9.711995364323535,2.31848394922526,2
64,4,20,1,RLCCA,1,1067150,16.45883532450675,5.304695600381418,3
64,4,20,1,RLCCA,1,1151119,2.6133908882715637,23.157085101878668,13
64,4,20,1,RLCCA,1,1079439,8.83010812056245,13.252660477120012,10
64,4,20,1,RLCCA,1,1140878,17.18056712057497,13.250872382991856,11
64,4,20,1,RLCCA,1,1069232,15.33433485518751,6.959874102591447,3
64,4,20,1,RLCCA,1,1075360,20.215288152975546,18.587519802147952,16
64,4,20,1,RLCCA,1,1120417,11.421727320203072,24.55584836056397,14
64,4,20,1,RLCCA,1,1042620,19.791875919009115,4.328545393307975,4
64,4,20,1,RLCCA,1,1095844,4.995264453780912,6.357918910235238,1
64,4,20,1,RLCCA,1,1163429,16.47475163947026,10.737395879506584,7
64,4,20,1,RLCCA,1,1108132,19.126885933536755,2.296331971258633,4
64,4,20,1,RLCCA,1,1091754,8.399759618489714,22.942774965251882,14
64,4,20,1,RLCCA,1,1065130,23.897092450057723,7.43468238542877,4
64,4,20,1,RLCCA,1,1091759,17.616493631852567,18.20071033727308,16
64,4,20,1,RLCCA,1,1016008,0.7457905548749046,0.11402674011382519,1
64,4,20,1,RLCCA,1,1083608,7.5183326056255435,19.05456003398058,14
64,4,20,1,RLCCA,1,1032386,7.048606737980943,12.769034797974948,9
64,4,20,1,RLCCA,1,1065181,18.32015291217305,9.960885615254092,8
64,4,20,1,RLCCA,1,1034460,6.776028787302728,23.169162758296412,13
64,4,20,1,RLCCA,1,1173698,22.872288173811175,17.508189046203945,16
64,4,20,1,RLCCA,1,1159365,16.011191810096772,11.445809870512782,7
64,4,20,1,RLCCA,1,1089733,6.359167108272091,18.97141606577105,13
64,4,20,1,RLCCA,1,1052869,12.334389454884242,19.231887267709503,14
64,4,20,1,RLCCA,1,1155271,17.656274259830585,16.733207359422494,12
64,4,20,1,RLCCA,1,1016024,12.558240594339244,1.1309535477784927,3
64,4,20,1,RLCCA,1,1155272,8.452272534074357,10.396126490520023,6
64,4,20,1,RLCCA,1,1046741,21.9375388166124,10.714222730546254,8
64,4,20,1,RLCCA,1,1118410,15.867381332461067,6.69029937174799,3
64,4,20,1,RLCCA,1,1063116,2.802367385635108,16.49349790524432,9
64,4,20,1,RLCCA,1,1028306,24.199777163811227,12.155332033433403,8
64,4,20,1,RLCCA,1,1063118,1.7691919721864444,12.249773542450166,5
64,4,20,1,RLCCA,1,1024208,14.881968954837888,9.262374776658035,7
64,4,20,1,RLCCA,1,1171701,4.750615882946541,23.373306967024348,13
64,4,20,1,RLCCA,1,1054968,4.165215966784077,5.492038014056973,1
64,4,20,1,RLCCA,1,1165560,17.334094527189187,14.965078865156308,11
64,4,20,1,RLCCA,1,1173754,3.7321344501009985,2.9771114905508895,1
64,4,20,1,RLCCA,1,1001726,6.669011711173631,14.917233589221423,9
64,4,20,1,RLCCA,1,1134819,15.57920543073054,17.544570933577603,15
64,4,20,1,RLCCA,1,1153255,0.39341100453471967,10.679564980890664,5
64,4,20,1,RLCCA,1,1173735,18.231254001064286,3.0451792429336573,4
64,4,20,1,RLCCA,1,1020151,16.25613380681826,13.219833660576072,11
64,4,20,1,RLCCA,1,1169643,5.307064717355508,19.519394526716475,13
64,4,20,1,RLCCA,1,1014005,19.206454842765194,21.02339496330204,16
64,4,20,1,RLCCA,1,1089771,1.552738382719172,0.4167177879503754,1
64,4,20,1,RLCCA,1,1001715,13.613646661656386,24.041834649072666,15
64,4,20,1,RLCCA,1,1120541,2.022757337206908,3.4913815487164044,1
64,4,20,1,RLCCA,1,1089822,2.3753319745078434,24.045859674320347,13
64,4,20,1,RLCCA,1,1116446,20.22120980208959,16.67994409525276,12
64,4,20,1,RLCCA,1,1163523,15.801798270287494,2.492379526649545,3
64,4,20,1,RLCCA,1,1112324,20.29046221073784,0.9797565753536812,4
64,4,20,1,RLCCA,1,1112328,19.435744655681077,12.545167854846774,12
64,4,20,1,RLCCA,1,1151240,12.728640282831654,3.7247423452761517,3
64,4,20,1,RLCCA,1,1044757,13.994276357273588,2.202882632226885,3
64,4,20,1,RLCCA,1,1081651,10.388556542841421,14.496083693426801,10
64,4,20,1,RLCCA,1,1038633,23.009816999493196,17.005804463908046,12
64,4,20,1,RLCCA,1,1112376,12.298510192454629,24.543939306965576,14
64,4,20,1,RLCCA,1,1165625,10.002975827208616,18.35285708572965,14
64,4,20,1,RLCCA,1,1079611,0.5623599060259004,2.9508210683487928,1
64,4,20,1,RLCCA,1,1055036,4.757716844114661,0.210171745067516,1
64,4,20,1,RLCCA,1,1147169,24.439379153818415,20.335363145215034,16
64,4,20,1,RLCCA,1,1003838,0.3290431569489094,8.46409403978246,5
64,4,20,1,RLCCA,1,1052962,0.5843538335360599,14.28778812255825,9
64,4,20,1,RLCCA,1,1095970,22.17529794871962,21.247029317067508,16
64,4,20,1,RLCCA,1,1159471,10.481928824385328,13.585464531600103,10
64,4,20,1,RLCCA,1,1151316,19.338584569304153,9.23438397133274,8
64,4,20,1,RLCCA,1,1069398,19.709146268118623,10.14344841146664,8
64,4,20,1,RLCCA,1,1169751,8.429718917801111,13.947362220607296,10
64,4,20,1,RLCCA,1,1036611,8.941042254442674,22.445980522094743,14
64,4,20,1,RLCCA,1,1077599,4.6030576240329815,17.04677847771067,9
64,4,20,1,RLCCA,1,1124702,12.5643787580272,4.240524849217048,3
64,4,20,1,RLCCA,1,1157441,10.019194548034477,1.8448997906925761,2
64,4,20,1,RLCCA,1,1048899,18.464158414063366,24.447698350419614,16
64,4,20,1,RLCCA,1,1065283,15.698828469978505,13.394642438954268,11
64,4,20,1,RLCCA,1,1007963,0.9475963810218063,17.694394231404285,13
64,4,20,1,RLCCA,1,1093960,6.735290908779579,3.2804208169076494,1
64,4,20,1,RLCCA,1,1073482,23.8574026203624,21.485098953153113,16
64,4,20,1,RLCCA,1,1028434,9.568006246092303,19.401200284099595,14
64,4,20,1,RLCCA,1,1044840,15.570589850792508,24.616506658440706,15
64,4,20,1,RLCCA,1,1108346,9.808204140582596,17.745098394720653,14
64,4,20,1,RLCCA,1,1001828,5.309870507287304,15.243203507126347,9
64,4,20,1,RLCCA,1,1016162,21.802448900673287,0.4960414626289319,4
64,4,20,1,RLCCA,1,1155427,24.382136802975626,7.517157244937794,8
64,4,20,1,RLCCA,1,1118562,22.251802145385536,22.711088854000877,16
64,4,20,1,RLCCA,1,1014139,8.336741961957639,1.2189335093325502,2
64,4,20,1,RLCCA,1,1114471,12.954965052941215,16.989927058381404,11
64,4,20,1,RLCCA,1,1010041,7.9463184824515745,4.991636373161845,2
64,4,20,1,RLCCA,1,1173863,16.23378182703847,4.992523583453538,3
64,4,20,1,RLCCA,1,1028472,22.295110767462326,8.042024487223863,8
64,4,20,1,RLCCA,1,1128812,22.45765840831779,8.999802379541915,8
64,4,20,1,RLCCA,1,1165676,20.643735417335915,7.2588198795601,4
64,4,20,1,RLCCA,1,1102191,21.070197637944084,24.397639115072838,16
64,4,20,1,RLCCA,1,1001840,18.159568100971903,8.806824047120932,8
64,4,20,1,RLCCA,1,1038735,8.074479186323844,19.607457917270715,14
64,4,20,1,RLCCA,1,1173907,13.841930315209929,9.87876128044685,7
64,4,20,1,RLCCA,1,1106322,13.328930018645538,0.2712047922475307,3
64,4,20,1,RLCCA,1,1102227,10.872483226787391,1.5952351962970592,2
64,4,20,1,RLCCA,1,1145234,1.186485988227087,9.028832135661471,5
64,4,20,1,RLCCA,1,1038731,7.240469752467401,20.41455632937886,13
64,4,20,1,RLCCA,1,1069460,18.892963728377453,5.587723740674894,4
64,4,20,1,RLCCA,1,1032584,23.189310110326723,7.260695483692478,4
64,4,20,1,RLCCA,1,1139097,1.9565365529076804,7.570669593462166,5
64,4,20,1,RLCCA,1,1077657,11.97375141207785,17.598035091035598,14
64,4,20,1,RLCCA,1,1038725,13.500394514324777,3.9806240717558747,3
64,4,20,1,RLCCA,1,1001858,7.4219171568396884,6.376670948497853,1
64,4,20,1,RLCCA,1,1030559,18.609938165022736,14.950840529977796,12
64,4,20,1,RLCCA,1,1112449,5.08258566917047,7.706723191891896,5
64,4,20,1,RLCCA,1,1087874,19.89845514036565,8.672181711073147,8
64,4,20,1,RLCCA,1,1153412,4.979865808392411,22.603191970007106,13
64,4,20,1,RLCCA,1,1102214,18.08709059915654,1.3111395349567143,4
64,4,20,1,RLCCA,1,1044888,0.7625904230433598,10.313103795636831,5
64,4,20,1,RLCCA,1,1075596,12.074887394019427,13.497521948290345,10
64,4,20,1,RLCCA,1,1044909,3.4156521553818973,9.25472974864431,5
64,4,20,1,RLCCA,1,1053110,23.02884822502697,2.681547404788841,4
64,4,20,1,RLCCA,1,1114553,18.15098008624339,20.921520091207242,16
64,4,20,1,RLCCA,1,1173947,2.002399578385859,9.262650245513777,5
64,4,20,1,RLCCA,1,1059261,9.58383497084601,8.98643694719172,6
64,4,20,1,RLCCA,1,1008033,21.56358035740172,8.719597937198381,8
64,4,20,1,RLCCA,1,1089983,21.99146797553941,1.7919137194274484,4
64,4,20,1,RLCCA,1,1077668,23.862335968230983,0.03769088774443219,4
64,4,20,1,RLCCA,1,1059239,24.139997283596813,11.294862630184063,8
64,4,20,1,RLCCA,1,1044918,12.325160200591277,2.9002293298809434,2
64,4,20,1,RLCCA,1,1124778,20.39141988567795,8.436301458425667,8
64,4,20,1,RLCCA,1,1001907,21.356322895277923,11.275845621301924,8
64,4,20,1,RLCCA,1,1036722,12.582660616516371,3.4161303529485245,3
64,4,20,1,RLCCA,1,1149358,16.656126414031494,9.283524966139037,7
64,4,20,1,RLCCA,1,1098195,17.367677594460414,17.726853797956018,15
64,4,20,1,RLCCA,1,1014220,19.25969600546467,2.7058087057558495,4
64,4,20,1,RLCCA,1,1094099,9.943488370413702,10.164631693951007,6
64,4,20,1,RLCCA,1,1143257,24.31474065129533,18.602431510453812,16
64,4,20,1,RLCCA,1,1067483,23.615031895919657,15.449502418226508,12
64,4,20,1,RLCCA,1,1030596,21.82832266780457,1.870450462438785,4
64,4,20,1,RLCCA,1,1057245,10.555516694891011,12.626040946073438,10
64,4,20,1,RLCCA,1,1141193,21.85678698584394,13.844857516533533,12
64,4,20,1,RLCCA,1,1159625,10.998907182399574,10.270854550547531,6
64,4,20,1,RLCCA,1,1003985,20.320979353673234,9.514463031446377,8
64,4,20,1,RLCCA,1,1044975,8.624207850808892,9.566580519820338,6
64,4,20,1,RLCCA,1,1137136,24.233778636434593,12.657519950875937,12
64,4,20,1,RLCCA,1,1094133,10.245827468614971,20.84448112636518,14
64,4,20,1,RLCCA,1,1061368,18.609700687857323,19.538656171660005,16
64,4,20,1,RLCCA,1,1079800,18.046445106358853,4.750623336898036,4
64,4,20,1,RLCCA,1,1006048,24.45907758860024,8.99347716979391,8
64,4,20,1,RLCCA,1,1038845,2.8847785566425443,1.7105560780570457,1
64,4,20,1,RLCCA,1,1044981,14.444699463631808,0.36128674091998647,3
64,4,20,1,RLCCA,1,1006068,1.4625846822002464,5.655866025756937,1
64,4,20,1,RLCCA,1,1083883,10.958641748377987,19.9148443951904,14
64,4,20,1,RLCCA,1,1165804,8.252827863873748,13.413515583711174,10
64,4,20,1,RLCCA,1,1030641,13.625277713100338,18.74274446459523,15
64,4,20,1,RLCCA,1,1008113,23.80228300050658,24.89876818089546,16
64,4,20,1,RLCCA,1,1057297,18.278673400497645,22.53619060075136,16
64,4,20,1,RLCCA,1,1114645,23.5978903389166,17.861741449212563,16
64,4,20,1,RLCCA,1,1145364,21.660542952614662,6.983392870890508,4
64,4,20,1,RLCCA,1,1171991,8.215016913942879,7.8318429533459515,6
64,4,20,1,RLCCA,1,1161751,2.2678605448849147,0.3318359075874593,1
64,4,20,1,RLCCA,1,1083928,16.562710930517028,7.944285357716976,7
64,4,20,1,RLCCA,1,1139227,22.222198017915716,10.796685451770067,8
64,4,20,1,RLCCA,1,1112602,10.06045875900063,16.786184525692637,10
64,4,20,1,RLCCA,1,1135130,22.265213675080123,11.22216296838363,8
64,4,20,1,RLCCA,1,1092098,3.49318712973374,7.4859184472162745,1
64,4,20,1,RLCCA,1,1128964,22.62556084759307,10.568054444698598,8
64,4,20,1,RLCCA,1,1151494,14.83988807236965,24.6201523360373,15
64,4,20,1,RLCCA,1,1047056,14.428249820737996,13.794547258218493,11
64,4,20,1,RLCCA,1,1157682,1.5290811133677202,14.865752349498806,9
64,4,20,1,RLCCA,1,1110581,2.117200803165609,5.762845736533858,1
64,4,20,1,RLCCA,1,1165879,15.573731430714599,19.315501473406165,15
64,4,20,1,RLCCA,1,1028646,23.20633395289519,17.056463923687723,12
64,4,20,1,RLCCA,1,1081914,2.939201366924287,19.427813870424906,13
64,4,20,1,RLCCA,1,1016352,14.849171994381486,16.454575897983382,11
64,4,20,1,RLCCA,1,1049151,18.69640939763899,10.468198739546493,8
64,4,20,1,RLCCA,1,1096255,3.3086290556635802,8.522242598206113,5
64,4,20,1,RLCCA,1,1118754,7.697524603629173,23.360006635655807,14
64,4,20,1,RLCCA,1,1165861,17.77285470991954,3.660272447824747,4
64,4,20,1,RLCCA,1,1143332,14.810565383777071,7.124160618918557,3
64,4,20,1,RLCCA,1,1026618,6.953980382163746,12.070848241855199,5
64,4,20,1,RLCCA,1,1045044,1.844861545270767,20.608514973987194,13
64,4,20,1,RLCCA,1,1118765,18.55948228760855,9.515313233444871,8
64,4,20,1,RLCCA,1,1122860,13.476169302690387,8.425202458935772,7
64,4,20,1,RLCCA,1,1094189,19.15560454275572,20.254103896286637,16
64,4,20,1,RLCCA,1,1022542,3.235264497150678,8.189539835159525,5
64,4,20,1,RLCCA,1,1049171,21.551016819007916,13.225918683376737,12
64,4,20,1,RLCCA,1,1000009,16.966752874508046,18.95725703424025,15
64,4,20,1,RLCCA,1,1081943,4.598616811230235,3.026313725680847,1
64,4,20,1,RLCCA,1,1032774,13.204807047153636,14.323368712808634,11
64,4,20,1,RLCCA,1,1073754,23.815201018924206,4.890460568680464,4
64,4,20,1,RLCCA,1,1155674,3.1663760265250733,3.860548214413374,1
64,4,20,1,RLCCA,1,1008195,2.0999406438581874,18.848483761599027,13
64,4,20,1,RLCCA,1,1063516,14.86140406990388,13.52383747604594,11
64,4,20,1,RLCCA,1,1059423,12.404496925116185,24.2604090409452,14
64,4,20,1,RLCCA,1,1081951,11.045828874285263,24.159042791031432,14
64,4,20,1,RLCCA,1,1032793,12.451971470344704,17.633572137592054,14
64,4,20,1,RLCCA,1,1174089,22.764946090118524,14.053295072681323,12
64,4,20,1,RLCCA,1,1059405,9.450731622221321,4.43725517568009,2
64,4,20,1,RLCCA,1,1000016,16.65169210574602,22.316758171373355,15
64,4,20,1,RLCCA,1,1010283,20.047168227802118,3.87391474723864,4
64,4,20,1,RLCCA,1,1092219,24.741284449894813,0.9756562257247765,4
64,4,20,1,RLCCA,1,1071712,3.9994143832331357,10.365826092009087,5
64,4,20,1,RLCCA,1,1073761,24.797329096232023,0.5539780069812075,4
64,4,20,1,RLCCA,1,1024637,15.810875734060303,7.9749150450900474,7
64,4,20,1,RLCCA,1,1100390,22.979683985860767,1.949756868910244,4
64,4,20,1,RLCCA,1,1147497,22.41565731044354,8.765663673953448,8
64,4,20,1,RLCCA,1,1020533,17.35494502146881,1.3788091162517264,3
64,4,20,1,RLCCA,1,1155695,24.67643268826202,20.657778118571684,16
64,4,20,1,RLCCA,1,1032844,15.830343625309627,8.195588671864044,7
64,4,20,1,RLCCA,1,1041035,4.333062701911899,23.160531865293393,13
64,4,20,1,RLCCA,1,1104533,11.730495394641764,24.30769126859355,14
64,4,20,1,RLCCA,1,1118868,20.37182498610563,22.481842737445653,16
64,4,20,1,RLCCA,1,1071770,7.6338820629232895,23.74562580679276,14
64,4,20,1,RLCCA,1,1047171,2.9035922408047616,7.434446432677904,1
64,4,20,1,RLCCA,1,1026689,8.479613402521405,18.30041510949016,14
64,4,20,1,RLCCA,1,1045121,16.557588506813307,14.779023831554778,11
64,4,20,1,RLCCA,1,1059461,14.296639220441426,13.679758397501608,11
64,4,20,1,RLCCA,1,1110664,9.930558049778039,3.5683038898115784,2
64,4,20,1,RLCCA,1,1016469,15.162096596164623,22.82591694088242,15
64,4,20,1,RLCCA,1,1104526,23.202721112166714,13.033104232414875,12
64,4,20,1,RLCCA,1,1098382,14.307334280919555,14.02266930605697,11
64,4,20,1,RLCCA,1,1006254,15.897686016013262,23.330648097070544,15
64,4,20,1,RLCCA,1,1045166,21.59465666350871,18.357398389993083,16
64,4,20,1,RLCCA,1,1014446,16.489623950237828,7.928416093838187,7
64,4,20,1,RLCCA,1,1166002,16.159918516236637,13.910063537546371,11
64,4,20,1,RLCCA,1,1071797,22.062138370227295,18.659551081985974,16
64,4,20,1,RLCCA,1,1086133,14.64125153842755,7.978950108463547,7
64,4,20,1,RLCCA,1,1098423,4.172610938892308,17.887288086455918,13
64,4,20,1,RLCCA,1,1071800,0.09753182967919027,18.981156342161608,13
64,4,20,1,RLCCA,1,1026727,8.727138502422726,10.510968828430553,6
64,4,20,1,RLCCA,1,1014439,13.563754886924622,10.621504806693435,7
64,4,20,1,RLCCA,1,1166011,7.007853858570259,24.091264042002507,13
64,4,20,1,RLCCA,1,1145533,20.329553150409144,3.464488428264378,4
64,4,20,1,RLCCA,1,1127103,6.95042144360086,16.662011356388202,9
64,4,20,1,RLCCA,1,1147583,8.531770795180027,9.315797779830975,6
64,4,20,1,RLCCA,1,1045183,4.45705176422873,14.546897545815412,9
64,4,20,1,RLCCA,1,1049250,7.646551725719316,8.7290133998131,6
64,4,20,1,RLCCA,1,1022652,0.8677342992769344,11.155351535932578,5
64,4,20,1,RLCCA,1,1043131,3.307810878189102,15.02300491660829,9
64,4,20,1,RLCCA,1,1047223,13.978903522423202,4.869285062503327,3
64,4,20,1,RLCCA,1,1059501,19.4450501881882,6.131436578201853,4
64,4,20,1,RLCCA,1,1075885,12.713193485797111,21.49265452676649,15
64,4,20,1,RLCCA,1,1100462,6.062668088891377,7.90464068417001,5
64,4,20,1,RLCCA,1,1112750,20.118388539623204,3.228833339626351,4
64,4,20,1,RLCCA,1,1135315,18.321121359963403,20.411909312278866,16
64,4,20,1,RLCCA,1,1041098,9.535478485704456,21.823940379801194,14
64,4,20,1,RLCCA,1,1002185,21.154411078316937,0.8659787372970823,4
64,4,20,1,RLCCA,1,1088214,15.736196004543121,6.222335741062691,3
64,4,20,1,RLCCA,1,1174232,21.028941643587956,23.7165707622043,16
64,4,20,1,RLCCA,1,1108697,1.6021667228256042,11.540802786558679,5
64,4,20,1,RLCCA,1,1100507,21.630572643154807,13.52494503910496,12
64,4,20,1,RLCCA,1,1055453,1.6300053922269342,24.322267405208407,13
64,4,20,1,RLCCA,1,1030850,18.95060676599509,15.895305167180354,12
64,4,20,1,RLCCA,1,1020608,6.983933900031064,11.04616370452487,5
64,4,20,1,RLCCA,1,1090247,8.182484128000038,18.843445089995157,14
64,4,20,1,RLCCA,1,1172166,22.297370148864808,16.39280885020768,12
64,4,20,1,RLCCA,1,1057483,14.6075143180822,22.733702107144758,15
64,4,20,1,RLCCA,1,1067724,0.7754973392056845,2.7067255757966127,1
64,4,20,1,RLCCA,1,1028818,7.677371907415974,8.478021683668912,6
64,4,20,1,RLCCA,1,1139407,14.139441681049512,7.721428233146116,7
64,4,20,1,RLCCA,1,1002192,16.880928031586432,18.82372675598493,15
64,4,20,1,RLCCA,1,1147636,21.0155168611795,3.7672088129339096,4
64,4,20,1,RLCCA,1,1127160,22.896230212878994,18.40150725763762,16
64,4,20,1,RLCCA,1,1100539,19.02812535108866,11.671066207169446,8
64,4,20,1,RLCCA,1,1075963,6.252650215650851,16.503474583251837,9
64,4,20,1,RLCCA,1,1010402,24.253997470429212,17.767646251137478,16
64,4,20,1,RLCCA,1,1014497,15.103512164915092,0.638884787144562,3
64,4,20,1,RLCCA,1,1026784,17.07833293754515,7.503059691409625,7
64,4,20,1,RLCCA,1,1045242,3.0255093166366502,17.588277605377442,13
64,4,20,1,RLCCA,1,1061612,20.137143159595972,0.47070291048922464,4
64,4,20,1,RLCCA,1,1164013,6.056864555993827,5.206878451869013,1
64,4,20,1,RLCCA,1,1026802,4.975268773341913,5.52933460031773,1
64,4,20,1,RLCCA,1,1168153,8.760575584927777,16.97972020957003,10
64,4,20,1,RLCCA,1,1082138,16.164036490478804,15.035072351652278,11
64,4,20,1,RLCCA,1,1141533,12.711925816871844,11.299488811434314,7
64,4,20,1,RLCCA,1,1022723,0.0919737569102832,14.961599815982023,9
64,4,20,1,RLCCA,1,1047296,19.755575453520564,7.0874576013117805,4
64,4,20,1,RLCCA,1,1139458,16.334498808576573,0.8641183806242836,3
64,4,20,1,RLCCA,1,1000220,1.0791712018628097,12.304827401684737,5
64,4,20,1,RLCCA,1,1116930,14.179336959168019,19.68673781823506,15
64,4,20,1,RLCCA,1,1082116,15.451817313381197,14.451081039697552,11
64,4,20,1,RLCCA,1,1090308,10.012479379018517,20.436734866790186,14
64,4,20,1,RLCCA,1,1137413,21.87967012841561,1.8459763078686144,4
64,4,20,1,RLCCA,1,1065733,1.7720303001449036,0.826752546196067,1
64,4,20,1,RLCCA,1,1014552,21.312038482903105,10.377709261400735,8
64,4,20,1,RLCCA,1,1170182,11.54474277216072,17.61247490595157,14
64,4,20,1,RLCCA,1,1096456,14.758236307928914,19.108011901178052,15
64,4,20,1,RLCCA,1,1020692,15.376085250566762,4.008105769168033,3
64,4,20,1,RLCCA,1,1174285,6.078865700321492,3.3725074808116693,1
64,4,20,1,RLCCA,1,1006355,20.63368755636067,21.791462167419724,16
64,4,20,1,RLCCA,1,1151757,4.416902017597426,8.98893599844034,5
64,4,20,1,RLCCA,1,1108750,5.832343676540335,21.181429117137565,13
64,4,20,1,RLCCA,1,1121038,20.25826107258626,7.205972128987022,4
64,4,20,1,RLCCA,1,1100559,22.088316319487284,21.86585481964759,16
64,4,20,1,RLCCA,1,1078064,14.260569670160262,0.6485186506386107,3
64,4,20,1,RLCCA,1,1049392,18.191798901063347,1.6543239669976977,4
64,4,20,1,RLCCA,1,1096508,10.644160217708821,3.0449207481214984,2
64,4,20,1,RLCCA,1,1116989,16.16468470214187,9.05436912406995,7
64,4,20,1,RLCCA,1,1041185,15.96363506959419,10.0597766452434,7
64,4,20,1,RLCCA,1,1141567,4.384071862472769,15.876442811468758,9
64,4,20,1,RLCCA,1,1094433,4.234989749247478,24.500737323203055,13
64,4,20,1,RLCCA,1,1028920,11.403524385012826,23.225032372967906,14
64,4,20,1,RLCCA,1,1067816,17.954439409256608,24.212673961921475,16
64,4,20,1,RLCCA,1,1149737,6.297240397160095,23.803756928497506,13
64,4,20,1,RLCCA,1,1129256,23.98090394286062,10.891915866473418,8
64,4,20,1,RLCCA,1,1098541,15.640121913013063,14.081730084146901,11
64,4,20,1,RLCCA,1,1045296,20.069500933263722,2.0504819937284005,4
64,4,20,1,RLCCA,1,1041230,8.710125538084244,24.311333962046838,14
64,4,20,1,RLCCA,1,1155925,1.1298261031094654,11.207756091737311,5
64,4,20,1,RLCCA,1,1020747,10.428108215793987,19.087836251523104,14
64,4,20,1,RLCCA,1,1170260,18.23695062934482,21.17427276926335,16
64,4,20,1,RLCCA,1,1160023,7.962341998550604,17.376440236565116,10
64,4,20,1,RLCCA,1,1133398,18.144563671066344,24.303945255272914,16
64,4,20,1,RLCCA,1,1106777,6.044292432751564,2.421627810143029,1
64,4,20,1,RLCCA,1,1045315,24.410362034508942,12.943334052085557,12
64,4,20,1,RLCCA,1,1164099,22.217433908173327,19.13610397881809,16
64,4,20,1,RLCCA,1,1041244,13.032612792034898,12.23652401079682,7
64,4,20,1,RLCCA,1,1082183,0.47277476592442014,22.373670339213206,13
64,4,20,1,RLCCA,1,1067848,10.650109809117208,21.523991642115526,14
64,4,20,1,RLCCA,1,1139529,21.172399662697458,11.91227495354632,8
64,4,20,1,RLCCA,1,1063756,11.190813500950874,10.45345709522709,6
64,4,20,1,RLCCA,1,1162097,20.879783392081208,6.731609959522089,4
64,4,20,1,RLCCA,1,1117043,0.2438331950673991,21.650827446579967,13
64,4,20,1,RLCCA,1,1102709,22.005596877576167,2.2938892009807965,4
64,4,20,1,RLCCA,1,1170299,18.20415706234243,0.8900812795069473,4
64,4,20,1,RLCCA,1,1014624,9.559504431599349,22.904095691772145,14
64,4,20,1,RLCCA,1,1031039,22.35142425761104,2.453914053393163,4
64,4,20,1,RLCCA,1,1026942,21.055881395342624,22.884660817411177,16
64,4,20,1,RLCCA,1,1080161,15.137373283604422,3.9440502443914234,3
64,4,20,1,RLCCA,1,1174371,5.930827052907743,2.965526030198364,1
64,4,20,1,RLCCA,1,1071976,11.412569295785755,9.45568245871352,6
64,4,20,1,RLCCA,1,1065834,23.58017360207326,10.699566341138619,8
64,4,20,1,RLCCA,1,1147754,20.847480953980078,3.935697651745493,4
64,4,20,1,RLCCA,1,1035122,3.580124152077163,3.632050831632098,1
64,4,20,1,RLCCA,1,1131375,19.74057456493623,13.22492077715291,12
64,4,20,1,RLCCA,1,1047409,12.730371940526126,16.647490303532273,11
64,4,20,1,RLCCA,1,1065839,10.476236926582407,8.991595978426576,6
64,4,20,1,RLCCA,1,1121168,4.786916401934956,2.9889894844180596,1
64,4,20,1,RLCCA,1,1137554,9.434784333120533,7.701919247931759,6
64,4,20,1,RLCCA,1,1108883,23.156666090442215,7.938620853007664,8
64,4,20,1,RLCCA,1,1016710,13.632368055012925,15.978561394061238,11
64,4,20,1,RLCCA,1,1108891,16.077732547348255,1.9666209762662739,3
64,4,20,1,RLCCA,1,1000351,12.31009583731743,1.13919161845904,2
64,4,20,1,RLCCA,1,1090434,0.5353146380294902,24.8749726080667,13
64,4,20,1,RLCCA,1,1047453,17.959671444075862,7.48068290890969,4
64,4,20,1,RLCCA,1,1072003,20.57291424622466,1.80537833550639,4
64,4,20,1,RLCCA,1,1170308,24.279964158474733,15.873450056977974,12
64,4,20,1,RLCCA,1,1158022,13.482328106784855,0.21857265931441283,3
64,4,20,1,RLCCA,1,1010584,17.144666320543173,9.243940975423573,7
64,4,20,1,RLCCA,1,1072010,1.6799304735227683,3.4283396101396226,1
64,4,20,1,RLCCA,1,1014677,7.274868209529709,21.082324279610713,13
64,4,20,1,RLCCA,1,1000336,12.1457584891184,8.253023678425187,6
64,4,20,1,RLCCA,1,1164174,4.383088827514193,16.28593854596491,9
64,4,20,1,RLCCA,1,1012654,23.537506458625423,11.939738217265132,8
64,4,20,1,RLCCA,1,1061810,16.555877070216436,6.749195612051334,3
64,4,20,1,RLCCA,1,1010599,5.146031026680891,4.40723484049749,1
64,4,20,1,RLCCA,1,1082297,17.318511697607253,13.445710944788553,11
64,4,20,1,RLCCA,1,1069985,22.93278467036475,3.8932331812238967,4
64,4,20,1,RLCCA,1,1170339,10.306744054305426,18.730927743400745,14
64,4,20,1,RLCCA,1,1000380,24.769403147996112,10.166244910415434,8
64,4,20,1,RLCCA,1,1106853,17.76528368596804,23.644021132174903,16
64,4,20,1,RLCCA,1,1026995,6.435594526237989,0.9646573012247806,1
64,4,20,1,RLCCA,1,1168300,24.89212640239863,12.821173184510627,12
64,4,20,1,RLCCA,1,1104814,11.193180574829995,2.0567192181686327,2
64,4,20,1,RLCCA,1,1088431,8.360880241491465,17.35966241172676,10
64,4,20,1,RLCCA,1,1078225,24.885746622895848,15.300225907100502,12
64,4,20,1,RLCCA,1,1055699,11.482705152174697,20.288247349487904,14
64,4,20,1,RLCCA,1,1002444,3.5972906654785533,9.366435262380316,5
64,4,20,1,RLCCA,1,1135577,6.005476156460339,20.98309698178782,13
64,4,20,1,RLCCA,1,1104858,19.778328857801228,24.669078279707843,16
64,4,20,1,RLCCA,1,1074138,1.913938460237155,1.6657166679376338,1
64,4,20,1,RLCCA,1,1147869,14.12242000580876,21.20045064929101,15
64,4,20,1,RLCCA,1,1074120,13.860565775965359,11.847571189189862,7
64,4,20,1,RLCCA,1,1096650,20.705425813940607,14.726278700158016,12
64,4,20,1,RLCCA,1,1067979,0.3677304998643329,20.380683806383352,13
64,4,20,1,RLCCA,1,1164236,24.759466829202758,18.596557763638824,16
64,4,20,1,RLCCA,1,1002449,24.317286766091158,4.7741687243835536,4
64,4,20,1,RLCCA,1,1039343,4.528690710064263,21.301705256375126,13
64,4,20,1,RLCCA,1,1145842,11.580738061656437,10.60307263482943,6
64,4,20,1,RLCCA,1,1088503,17.619548025483788,17.208814916470978,12
64,4,20,1,RLCCA,1,1172472,14.096235518508944,20.090479233049088,15
64,4,20,1,RLCCA,1,1057786,4.265208085861642,14.491668192981562,9
64,4,20,1,RLCCA,1,1135610,20.421272219974206,8.746280543681154,8
64,4,20,1,RLCCA,1,1086462,24.131892808727546,10.8534889114863,8
64,4,20,1,RLCCA,1,1035261,10.345778990217596,12.148329300677462,6
64,4,20,1,RLCCA,1,1090533,16.212687358035048,18.411785970120864,15
64,4,20,1,RLCCA,1,1113065,21.421554111396652,13.869491568995256,12
64,4,20,1,RLCCA,1,1125355,9.553925156013056,8.493555407318425,6
64,4,20,1,RLCCA,1,1113070,12.67457192729026,15.375372993493022,11
64,4,20,1,RLCCA,1,1164270,20.7952951158091,12.252870401122971,8
64,4,20,1,RLCCA,1,1166363,12.171577405826236,4.9936948903832565,2
64,4,20,1,RLCCA,1,1049627,13.795916452593485,24.252623683137113,15
64,4,20,1,RLCCA,1,1027076,11.688813185769135,18.758820882259897,14
64,4,20,1,RLCCA,1,1014814,14.990039984719001,0.30226226967427117,3
64,4,20,1,RLCCA,1,1121282,1.5769729155523127,23.371884719842903,13
64,4,20,1,RLCCA,1,1057796,17.990854562066875,19.493616367362293,16
64,4,20,1,RLCCA,1,1168391,3.9553632487775867,17.725437656558157,13
64,4,20,1,RLCCA,1,1166344,20.86109092514821,19.809899249684364,16
64,4,20,1,RLCCA,1,1104909,24.19442429961828,1.2363361196002995,4
64,4,20,1,RLCCA,1,1057806,10.850017997119693,9.007454834448927,6
64,4,20,1,RLCCA,1,1147918,5.967095555909133,7.340435738283044,1
64,4,20,1,RLCCA,1,1127438,21.901306688955756,13.839120944067501,12
64,4,20,1,RLCCA,1,1123376,11.34542219448783,4.073606819957135,2
64,4,20,1,RLCCA,1,1145907,1.5713122260861105,6.227623298457367,1
64,4,20,1,RLCCA,1,1086517,11.19907664771507,20.539367779951984,14
64,4,20,1,RLCCA,1,1006631,5.2844878306986285,16.930529168413575,9
64,4,20,1,RLCCA,1,1010725,24.335410256543128,24.00120145055392,16
64,4,20,1,RLCCA,1,1047585,23.181248098891505,15.769876624699455,12
64,4,20,1,RLCCA,1,1170495,18.78304998381806,18.658394946968127,16
64,4,20,1,RLCCA,1,1018940,3.2453600764892236,12.276889661175604,5
64,4,20,1,RLCCA,1,1045564,17.09830247234789,14.406773654514756,11
64,4,20,1,RLCCA,1,1059877,8.839677053355633,24.584339548755818,14
64,4,20,1,RLCCA,1,1035322,2.7101087548849137,3.6132618209880283,1
64,4,20,1,RLCCA,1,1016888,24.1605748920132,19.57993836131586,16
64,4,20,1,RLCCA,1,1143849,2.62450306935464,3.511807167880427,1
64,4,20,1,RLCCA,1,1104937,5.2132634764824815,18.386696954047764,13
64,4,20,1,RLCCA,1,1027125,23.330150203221585,9.126671696248101,8
64,4,20,1,RLCCA,1,1096746,4.548395752314141,18.46464354472233,13
64,4,20,1,RLCCA,1,1000497,17.889439546064487,21.062776863636458,16
64,4,20,1,RLCCA,1,1045582,8.43738163438829,20.11219640395008,14
64,4,20,1,RLCCA,1,1004622,20.238168475257286,19.27670623113915,16
64,4,20,1,RLCCA,1,1088597,17.45429786671866,21.783100020219337,15
64,4,20,1,RLCCA,1,1029191,22.10570549115554,9.957896496586867,8
64,4,20,1,RLCCA,1,1109083,1.6947492740109489,21.978494166147428,13
64,4,20,1,RLCCA,1,1152093,19.680819163957644,1.6425580552918966,4
64,4,20,1,RLCCA,1,1158236,11.803074201108213,16.669345808954326,10
64,4,20,1,RLCCA,1,1000512,11.160494970741178,13.15851835628202,10
64,4,20,1,RLCCA,1,1066051,24.155393152413804,23.42086466206621,16
64,4,20,1,RLCCA,1,1037404,3.612214539081645,23.579446400574454,13
64,4,20,1,RLCCA,1,1119300,24.693022818008007,24.57763368354725,16
64,4,20,1,RLCCA,1,1061961,13.932232017298329,21.425098066208037,15
64,4,20,1,RLCCA,1,1104970,21.197059010316256,8.362581704870378,8
64,4,20,1,RLCCA,1,1023060,20.352925646569354,17.753354976205582,16
64,4,20,1,RLCCA,1,1088588,20.95126264065222,3.505083837689101,4
64,4,20,1,RLCCA,1,1174605,13.958256207639419,15.99498341029938,11
64,4,20,1,RLCCA,1,1066097,0.7975174094435467,10.443000425493686,5
64,4,20,1,RLCCA,1,1000557,24.50698840191447,18.082908453732372,16
64,4,20,1,RLCCA,1,1158259,20.409396766228838,12.839017289331363,12
64,4,20,1,RLCCA,1,1117303,18.6300014325222,17.38351272002399,12
64,4,20,1,RLCCA,1,1141882,2.6859220675931077,2.0670510226760817,1
64,4,20,1,RLCCA,1,1045603,20.105183918247622,22.72296138576708,16
64,4,20,1,RLCCA,1,1121377,23.593127805874747,17.227437183720784,12
64,4,20,1,RLCCA,1,1148003,20.660170869697147,2.088231970680488,4
64,4,20,1,RLCCA,1,1121383,23.935142672187975,22.721365216502733,16
64,4,20,1,RLCCA,1,1088615,1.5682789907577792,21.063456243027197,13
64,4,20,1,RLCCA,1,1025144,23.267472194284597,12.547296307956675,12
64,4,20,1,RLCCA,1,1027191,17.34622056550257,9.11850384180662,7
64,4,20,1,RLCCA,1,1066089,2.612575958556967,10.211985755396963,5
64,4,20,1,RLCCA,1,1055850,7.325328965575393,9.1021832222856,5
64,4,20,1,RLCCA,1,1047669,12.374778754651238,22.426094694704318,14
64,4,20,1,RLCCA,1,1025140,18.234412717507976,0.8348053150177606,4
64,4,20,1,RLCCA,1,1150062,14.701039324510239,21.61663065106397,15
64,4,20,1,RLCCA,1,1064080,14.34455255011509,16.65459128712739,11
64,4,20,1,RLCCA,1,1057937,1.557060931505113,21.00936302897596,13
64,4,20,1,RLCCA,1,1010829,14.776136871872653,24.43261145969118,15
64,4,20,1,RLCCA,1,1154197,22.611731706050076,22.224116058163354,16
64,4,20,1,RLCCA,1,1125533,3.981412046677533,7.745932120139365,5
64,4,20,1,RLCCA,1,1098880,14.994377198829763,13.818094355500527,11
64,4,20,1,RLCCA,1,1137793,23.655823059211688,21.992494023244312,16
64,4,20,1,RLCCA,1,1002651,13.717789908622361,11.935526541270335,7
64,4,20,1,RLCCA,1,1133701,5.886147442332333,19.46631842881579,13
64,4,20,1,RLCCA,1,1041558,23.51660143441388,15.062304610004022,12
64,4,20,1,RLCCA,1,1133706,5.500812658668284,17.455120556105086,9
64,4,20,1,RLCCA,1,1031315,4.115393666092208,12.335714843882858,5
64,4,20,1,RLCCA,1,1166478,14.475553472391018,16.138721178481934,11
64,4,20,1,RLCCA,1,1111217,6.492565168289163,5.67582654787206,1
64,4,20,1,RLCCA,1,1027243,2.993834805391228,5.93004934399629,1
64,4,20,1,RLCCA,1,1154230,9.72808210374072,15.895566047029995,10
64,4,20,1,RLCCA,1,1057977,15.873060501677756,1.6273210037578352,3
64,4,20,1,RLCCA,1,1168568,3.054233554206215,23.822365213009064,13
64,4,20,1,RLCCA,1,1035454,10.39559688507004,12.637616707712102,10
64,4,20,1,RLCCA,1,1117349,2.442827690157028,5.1021535114836,1
64,4,20,1,RLCCA,1,1039544,9.109839019588401,19.030777361442325,14
64,4,20,1,RLCCA,1,1045687,10.849975732531524,9.515678661884468,6
64,4,20,1,RLCCA,1,1131691,1.5703286579817437,11.469552423392434,5
64,4,20,1,RLCCA,1,1070288,20.081812066583495,21.567685438387713,16
64,4,20,1,RLCCA,1,1088730,14.27786547230183,9.377124827604268,7
64,4,20,1,RLCCA,1,1125594,8.204254575299288,9.91253423087563,6
64,4,20,1,RLCCA,1,1162461,23.006076912378717,11.749322120682068,8
64,4,20,1,RLCCA,1,1023197,19.17453102729696,9.774814666177914,8
64,4,20,1,RLCCA,1,1074370,15.792031725514816,3.9356408142048704,3
64,4,20,1,RLCCA,1,1002717,17.810249991263518,13.690242462755654,12
64,4,20,1,RLCCA,1,1012956,16.041186192563345,4.605486901125234,3
64,4,20,1,RLCCA,1,1021144,6.148316702206984,10.364137005858648,5
64,4,20,1,RLCCA,1,1035478,5.52895152420039,4.019866444398867,1
64,4,20,1,RLCCA,1,1008852,23.46406766216099,23.77613070884216,16
64,4,20,1,RLCCA,1,1131726,13.021156482429381,15.386853362646493,11
64,4,20,1,RLCCA,1,1131761,7.800780880684121,22.45181872697633,14
64,4,20,1,RLCCA,1,1111283,12.208781518332348,14.18920092704338,10
64,4,20,1,RLCCA,1,1012969,16.47156106901209,17.7429876003039,15
64,4,20,1,RLCCA,1,1006824,10.473778386087005,8.81164883129644,6
64,4,20,1,RLCCA,1,1012965,23.023793867048767,16.334934892504293,12
64,4,20,1,RLCCA,1,1008867,18.71662603554056,19.295219410802968,16
64,4,20,1,RLCCA,1,1066212,6.61135546369962,2.3400469306044696,1
64,4,20,1,RLCCA,1,1109220,22.898389912478308,8.128512313977382,8
64,4,20,1,RLCCA,1,1129700,13.925126523405313,2.3615561009109403,3
64,4,20,1,RLCCA,1,1139943,14.047080340355397,14.266412619525887,11
64,4,20,1,RLCCA,1,1064167,22.716875189837936,0.7563278015160437,4
64,4,20,1,RLCCA,1,1029366,19.312752962278683,17.014777390908684,12
64,4,20,1,RLCCA,1,1051884,3.9584675080322285,22.444905229064773,13
64,4,20,1,RLCCA,1,1015025,18.853709085583546,7.522349930670588,8
64,4,20,1,RLCCA,1,1045767,5.475650650978745,17.655605019396496,13
64,4,20,1,RLCCA,1,1166592,22.154041933852547,24.99878365365503,16
64,4,20,1,RLCCA,1,1010971,12.289512585704065,10.1271913128107,6
64,4,20,1,RLCCA,1,1160455,23.186816526191016,11.74999344093742,8
64,4,20,1,RLCCA,1,1142025,19.45226258649281,0.8359060002619212,4
64,4,20,1,RLCCA,1,1127689,9.7270770453887,1.3853583713212245,2
64,4,20,1,RLCCA,1,1146123,21.161438291536577,13.483075764805205,12
64,4,20,1,RLCCA,1,1015059,8.185146156391344,1.6198851671644656,2
64,4,20,1,RLCCA,1,1023250,10.27548204222343,18.156001972649584,14
64,4,20,1,RLCCA,1,1160462,9.835008766244279,3.0923657001687257,2
64,4,20,1,RLCCA,1,1148208,12.525772901158208,5.013333234247975,3
64,4,20,1,RLCCA,1,1035565,8.41261426013711,0.3850060516178344,2
64,4,20,1,RLCCA,1,1006893,3.815031660760237,5.947086818972753,1
64,4,20,1,RLCCA,1,1140021,6.059372310039718,10.20303962389633,5
64,4,20,1,RLCCA,1,1027366,8.637572979086025,19.677814507664678,14
64,4,20,1,RLCCA,1,1064251,19.230275083859862,12.227557236110584,8
64,4,20,1,RLCCA,1,1078591,20.01133297854491,9.159737248335993,8
64,4,20,1,RLCCA,1,1011002,3.3303316859220047,5.70100821536386,1
64,4,20,1,RLCCA,1,1148199,3.9950435739340513,22.21368834920406,13
64,4,20,1,RLCCA,1,1070376,12.865831027524813,7.890717433236777,7
64,4,20,1,RLCCA,1,1043767,16.075474683707622,18.760798223276424,15
64,4,20,1,RLCCA,1,1045811,21.808284867186572,1.0547057914754205,4
64,4,20,1,RLCCA,1,1109293,14.615893622122924,9.963532293195504,7
64,4,20,1,RLCCA,1,1115439,21.478222003274315,4.405039525135638,4
64,4,20,1,RLCCA,1,1066287,9.117052869939913,4.785424362813377,2
64,4,20,1,RLCCA,1,1023280,5.131393062724669,14.249665314956118,9
64,4,20,1,RLCCA,1,1064275,4.002047508144988,12.271596332814648,5
64,4,20,1,RLCCA,1,1082708,3.965563452836278,3.412426295099145,1
64,4,20,1,RLCCA,1,1101141,20.574339264439637,19.378533464466244,16
64,4,20,1,RLCCA,1,1092950,16.409073098074188,3.165369945339844,3
64,4,20,1,RLCCA,1,1068374,15.532936023275596,21.350931719895115,15
64,4,20,1,RLCCA,1,1152346,21.649004346217726,14.450223211248488,12
64,4,20,1,RLCCA,1,1070428,24.552252299273377,2.3527298680316644,4
64,4,20,1,RLCCA,1,1117532,2.738210498841703,3.407429066793574,1
64,4,20,1,RLCCA,1,1164639,7.41834386717654,6.685906244239339,1
64,4,20,1,RLCCA,1,1166657,7.08283162403312,2.8256863818877154,1
64,4,20,1,RLCCA,1,1080640,13.536014793258495,15.377850307908629,11
64,4,20,1,RLCCA,1,1066307,24.043946617568203,22.56733747962624,16
64,4,20,1,RLCCA,1,1156422,12.860032429046585,15.790905277187699,11
64,4,20,1,RLCCA,1,1027414,23.621753043063677,10.25719694655578,8
64,4,20,1,RLCCA,1,1103177,16.581628418388426,15.131017264980503,11
64,4,20,1,RLCCA,1,1043797,10.943864672551204,10.371730886915612,6
64,4,20,1,RLCCA,1,1090891,13.21937146967479,8.044077133467091,7
64,4,20,1,RLCCA,1,1152335,17.793985775849805,1.1064497854671842,4
64,4,20,1,RLCCA,1,1144142,5.976537024450366,6.823024365701075,1
64,4,20,1,RLCCA,1,1049970,7.766596132960903,23.564476337903237,14
64,4,20,1,RLCCA,1,1027436,10.647632419397066,19.312058821450854,14
64,4,20,1,RLCCA,1,1080691,21.378437515207445,18.708337945479325,16
64,4,20,1,RLCCA,1,1113463,11.006251232640945,24.01923954302138,14
64,4,20,1,RLCCA,1,1058168,5.846823917659713,9.445956247469024,5
64,4,20,1,RLCCA,1,1080696,16.50789461095629,15.471768076345144,11
64,4,20,1,RLCCA,1,1039719,14.59705317183156,16.71635294543816,11
64,4,20,1,RLCCA,1,1072504,5.838929029866982,0.55328718193595,1
64,4,20,1,RLCCA,1,1035621,14.529934294772712,16.865343781010054,11
64,4,20,1,RLCCA,1,1058172,14.164110336183851,7.408523991704545,3
64,4,20,1,RLCCA,1,1049980,20.31340452070511,4.491818529694552,4
64,4,20,1,RLCCA,1,1103229,7.438450289755863,21.13481204249188,13
64,4,20,1,RLCCA,1,1160544,17.784201849695144,9.380159432563417,8
64,4,20,1,RLCCA,1,1148258,10.938491922987117,15.67217244775998,10
64,4,20,1,RLCCA,1,1002875,22.074486717511586,1.2374488634835896,4
64,4,20,1,RLCCA,1,1127780,13.550569606181657,16.99792623335685,11
64,4,20,1,RLCCA,1,1150315,7.820149297117261,19.01889619128921,14
64,4,20,1,RLCCA,1,1006961,15.186129348585045,2.8542908751991343,3
64,4,20,1,RLCCA,1,1088917,12.845388046902716,0.6952290692908982,3
64,4,20,1,RLCCA,1,1101213,17.669316794160807,18.35838599789141,16
64,4,20,1,RLCCA,1,1015199,3.9833847362319568,22.44530478269778,13
64,4,20,1,RLCCA,1,1080708,12.956102799684984,21.45046262656733,15
64,4,20,1,RLCCA,1,1060230,2.2260597197539944,10.285036513919808,5
64,4,20,1,RLCCA,1,1080710,21.974506737420953,8.690798349866455,8
64,4,20,1,RLCCA,1,1045908,6.164035565934741,15.58652641616321,9
64,4,20,1,RLCCA,1,1068429,5.102744962734565,3.3896027545598866,1
64,4,20,1,RLCCA,1,1152436,19.868375466326686,19.426598098301135,16
64,4,20,1,RLCCA,1,1084855,4.661439924070759,10.733301793846607,5
64,4,20,1,RLCCA,1,1068472,12.795725382953524,11.680567042201734,7
64,4,20,1,RLCCA,1,1060282,14.784186877600417,9.700850144176135,7
64,4,20,1,RLCCA,1,1168829,10.530238760293425,17.005759436840794,10
64,4,20,1,RLCCA,1,1043874,2.935099011023498,13.725473599183253,9
64,4,20,1,RLCCA,1,1027490,0.46145757554602707,16.45274027981275,9
64,4,20,1,RLCCA,1,1076640,6.382224462924273,6.412962730025917,1
64,4,20,1,RLCCA,1,1047994,23.893631868328836,15.427653359697697,12
64,4,20,1,RLCCA,1,1078696,6.6321134443103595,1.1487744712492898,1
64,4,20,1,RLCCA,1,1037746,24.13035892273056,6.331425304303458,4
64,4,20,1,RLCCA,1,1164757,1.5948093287375418,20.167050921050848,13
64,4,20,1,RLCCA,1,1127898,20.29352611057151,21.87351439725735,16
64,4,20,1,RLCCA,1,1045956,13.968579170110399,15.342211067713555,11
64,4,20,1,RLCCA,1,1097154,23.84279774835806,15.077190573203218,12
64,4,20,1,RLCCA,1,1043933,0.3299797126353683,18.88764147366397,13
64,4,20,1,RLCCA,1,1158594,20.981541758635327,13.528334459234534,12
64,4,20,1,RLCCA,1,1045976,18.671864935963402,10.034429536937406,8
64,4,20,1,RLCCA,1,1091018,23.973350909924896,21.84299775636499,16
64,4,20,1,RLCCA,1,1125835,7.5972191846957,24.181481978898844,14
64,4,20,1,RLCCA,1,1107404,12.022665159768133,0.4974436054131868,2
64,4,20,1,RLCCA,1,1097202,10.122119850784834,5.228880272101867,2
64,4,20,1,RLCCA,1,1156597,6.583792453439376,18.1574763713027,13
64,4,20,1,RLCCA,1,1121791,10.324489917738523,10.701595083682864,6
64,4,20,1,RLCCA,1,1011169,9.398163142811615,1.1539769551399455,2
64,4,20,1,RLCCA,1,1021435,23.028873262810468,15.182465130867845,12
64,4,20,1,RLCCA,1,1070564,20.433719052362424,21.515114450481043,16
64,4,20,1,RLCCA,1,1068519,23.011240369511448,8.99361368315562,8
64,4,20,1,RLCCA,1,1023480,17.04190489065285,8.775693386340889,7
64,4,20,1,RLCCA,1,1007096,22.12770782092593,2.2388414798947625,4
64,4,20,1,RLCCA,1,1168874,7.298595314660135,11.10901920474097,5
64,4,20,1,RLCCA,1,1033714,4.71456813244945,17.608541950921737,13
64,4,20,1,RLCCA,1,1076718,7.761714829772288,14.056132454154183,10
64,4,20,1,RLCCA,1,1093137,0.6721836568999373,5.232572809493114,1
64,4,20,1,RLCCA,1,1023498,12.9048483764141,5.510591174854862,3
64,4,20,1,RLCCA,1,1121814,21.040889863405695,6.484297466495589,4
64,4,20,1,RLCCA,1,1162777,15.084069381990089,23.964201601668663,15
64,4,20,1,RLCCA,1,1052185,11.503061173165468,18.61831344493291,14
64,4,20,1,RLCCA,1,1037828,16.9161886601649,2.992408853069728,3
64,4,20,1,RLCCA,1,1109532,18.348816842626654,15.262058903143231,12
64,4,20,1,RLCCA,1,1138204,11.28674013195186,10.977697208864512,6
64,4,20,1,RLCCA,1,1037825,15.952025482799899,20.951824042757185,15
64,4,20,1,RLCCA,1,1068575,7.937651181498326,19.869867493679266,14
64,4,20,1,RLCCA,1,1091077,1.596808366032814,21.87048589957721,13
64,4,20,1,RLCCA,1,1064454,14.880178556213078,14.79976394676538,11
64,4,20,1,RLCCA,1,1080840,20.0174005524953,15.76361352050882,12
64,4,20,1,RLCCA,1,1115657,24.22350717608804,10.118314954297412,8
64,4,20,1,RLCCA,1,1086988,3.2228989781248396,4.898290732772317,1
64,4,20,1,RLCCA,1,1035794,7.330827540400724,0.6446160193005639,1
64,4,20,1,RLCCA,1,1080847,15.757651113061996,10.1005509341731,7
64,4,20,1,RLCCA,1,1101362,22.244487121535403,16.51836387198363,12
64,4,20,1,RLCCA,1,1029676,21.733108937502177,8.473583234703325,8
64,4,20,1,RLCCA,1,1117748,24.712195260620096,5.939762477287509,4
64,4,20,1,RLCCA,1,1072695,24.587311806124692,13.85884780553756,12
64,4,20,1,RLCCA,1,1171001,7.763400780843897,23.239525271714243,14
64,4,20,1,RLCCA,1,1021475,22.854317779037366,12.6122680212179,12
64,4,20,1,RLCCA,1,1123875,17.292358990252424,11.950140855330599,7
64,4,20,1,RLCCA,1,1072675,22.151249886808714,19.152340163065944,16
64,4,20,1,RLCCA,1,1103396,17.082975362787128,2.5681736393619676,3
64,4,20,1,RLCCA,1,1066534,4.258142669168926,18.654961380183487,13
64,4,20,1,RLCCA,1,1023543,14.030103460327497,14.123742656301514,11
64,4,20,1,RLCCA,1,1095210,2.4728510844503404,16.049120235409028,9
64,4,20,1,RLCCA,1,1048116,24.556817453342966,20.47777191671227,16
64,4,20,1,RLCCA,1,1115692,16.445577511329486,19.994224241914175,15
64,4,20,1,RLCCA,1,1017423,17.504002804082937,9.221797151919,8
64,4,20,1,RLCCA,1,1072724,0.6399556252240792,24.83616802911807,13
64,4,20,1,RLCCA,1,1119828,12.914249026705606,1.9513968621896787,3
64,4,20,1,RLCCA,1,1152596,21.113419443411207,7.873268834889755,8
64,4,20,1,RLCCA,1,1072726,24.88081365916245,7.328260589258255,4
64,4,20,1,RLCCA,1,1027655,16.83308018474534,17.787141936892677,15
64,4,20,1,RLCCA,1,1035846,0.5766287371837691,6.185362893081109,1
64,4,20,1,RLCCA,1,1105498,21.387909241229234,22.25673626090994,16
64,4,20,1,RLCCA,1,1072735,9.526069842065173,9.064018864782927,6
64,4,20,1,RLCCA,1,1095235,11.273942175092028,1.0663129048473663,2
64,4,20,1,RLCCA,1,1076808,23.811222559553126,16.757713465410156,12
64,4,20,1,RLCCA,1,1068617,14.385321543671505,16.557931314441547,11
64,4,20,1,RLCCA,1,1164874,2.762069360121348,21.383432167558347,13
64,4,20,1,RLCCA,1,1078863,19.365919188307775,16.478578324407756,12
64,4,20,1,RLCCA,1,1107535,19.52602698299101,15.54622390196111,12
64,4,20,1,RLCCA,1,1142387,17.516323777085788,5.3600184817100605,4
64,4,20,1,RLCCA,1,1017448,1.3656084452913468,4.341030566874714,1
64,4,20,1,RLCCA,1,1121910,2.534187003064023,9.915440977042769,5
64,4,20,1,RLCCA,1,1085055,6.6461624168526825,16.681288566358607,9
64,4,20,1,RLCCA,1,1072737,9.936143350130841,3.122360732390627,2
64,4,20,1,RLCCA,1,1072738,10.282449424326844,17.911528239171318,14
64,4,20,1,RLCCA,1,1072740,17.609584900624366,6.372300997575681,4
64,4,20,1,RLCCA,1,1168996,14.059269250485334,20.525788238031115,15
64,4,20,1,RLCCA,1,1029746,3.978404976412884,20.268517475919307,13
64,4,20,1,RLCCA,1,1173139,6.164213724988877,20.285911782187696,13
64,4,20,1,RLCCA,1,1117844,5.267730388303382,10.599653614202825,5
64,4,20,1,RLCCA,1,1169044,14.348470612238152,9.733744393859528,7
64,4,20,1,RLCCA,1,1003142,6.432778777590999,20.836762592195214,13
64,4,20,1,RLCCA,1,1109662,22.985236862965934,15.938546496369915,12
64,4,20,1,RLCCA,1,1095297,22.670897755228562,15.346409110182922,12
64,4,20,1,RLCCA,1,1072776,7.889979901628003,10.047894722859624,6
64,4,20,1,RLCCA,1,1162888,6.164701370810375,1.2584084666023578,1
64,4,20,1,RLCCA,1,1115784,19.720541850991854,14.15859840953012,12
64,4,20,1,RLCCA,1,1099402,16.765664572105727,20.592998460802654,15
64,4,20,1,RLCCA,1,1019539,23.32563943053147,10.806009272709328,8
64,4,20,1,RLCCA,1,1154700,23.584909132138307,7.082643590061981,4
64,4,20,1,RLCCA,1,1046191,1.5336234041712,18.20027299825258,13
64,4,20,1,RLCCA,1,1037994,23.05803110386297,1.1128738718858742,4
64,4,20,1,RLCCA,1,1152701,10.603938299726885,5.521424672659247,2
64,4,20,1,RLCCA,1,1015457,21.867592404125343,16.48817238058846,12
64,4,20,1,RLCCA,1,1009342,4.887461285055789,16.089193903596986,9
64,4,20,1,RLCCA,1,1087140,9.837802200030556,14.269348295512906,10
64,4,20,1,RLCCA,1,1007290,14.935856802780018,15.83073691601695,11
64,4,20,1,RLCCA,1,1169060,20.942856158408553,24.39194465168675,16
64,4,20,1,RLCCA,1,1083046,14.921086846472436,24.795158078179995,15
64,4,20,1,RLCCA,1,1078950,23.29604718138143,12.319798003523058,8
64,4,20,1,RLCCA,1,1169064,18.78677736933642,0.5623835141332973,4
64,4,20,1,RLCCA,1,1117866,14.217847621116244,11.81223372220851,7
64,4,20,1,RLCCA,1,1117869,24.26314812429463,13.817496152088697,12
64,4,20,1,RLCCA,1,1060525,12.90757723393988,5.700908683013282,3
64,4,20,1,RLCCA,1,1119919,11.453873579137182,6.8247113601127545,2
64,4,20,1,RLCCA,1,1144494,19.785668563350253,15.375867519809347,12
64,4,20,1,RLCCA,1,1072849,11.35730204264235,5.410801416206212,2
64,4,20,1,RLCCA,1,1117907,22.160571097483732,24.59292509433873,16
64,4,20,1,RLCCA,1,1146581,15.59864639621734,22.017804667566917,15
64,4,20,1,RLCCA,1,1011400,5.429688039421308,8.961118739582414,5
64,4,20,1,RLCCA,1,1060571,12.595757774552471,17.474219927994596,11
64,4,20,1,RLCCA,1,1052381,13.346206034816912,9.611374548175105,7
64,4,20,1,RLCCA,1,1048284,13.702895100062266,3.091147027412074,3
64,4,20,1,RLCCA,1,1136326,16.081024171072997,1.7491264991561755,3
64,4,20,1,RLCCA,1,1040084,22.756646759204557,0.505592756111602,4
64,4,20,1,RLCCA,1,1038034,22.97555607330187,19.206737753141994,16
64,4,20,1,RLCCA,1,1003218,24.2179203335577,11.384454292946776,8
64,4,20,1,RLCCA,1,1171185,9.36788209095148,11.820897832828283,6
64,4,20,1,RLCCA,1,1085171,11.544492526337912,17.177594099136037,10
64,4,20,1,RLCCA,1,1009386,20.62216663134921,21.05021907228561,16
64,4,20,1,RLCCA,1,1101558,1.8132451369627773,9.127350965934614,5
64,4,20,1,RLCCA,1,1126135,13.042690769798625,4.732997502120813,3
64,4,20,1,RLCCA,1,1040102,11.49203640308389,18.932889300764828,14
64,4,20,1,RLCCA,1,1072891,23.380462806801276,12.344160453727385,8
64,4,20,1,RLCCA,1,1169151,17.37461884353304,8.240708038342415,7
64,4,20,1,RLCCA,1,1011455,21.634995203275416,8.357777454199852,8
64,4,20,1,RLCCA,1,1103584,19.837341000322937,15.32801625547889,12
64,4,20,1,RLCCA,1,1091298,3.7723697569389643,2.0685152365608523,1
64,4,20,1,RLCCA,1,1064682,14.212182609874697,5.685398290100306,3
64,4,20,1,RLCCA,1,1048306,15.733230030531754,3.0016276375070814,3
64,4,20,1,RLCCA,1,1079056,12.14938177929726,8.48950941241823,6
64,4,20,1,RLCCA,1,1079057,5.160804948474096,0.6896703095278269,1
64,4,20,1,RLCCA,1,1124115,23.875676915305906,22.82149425693632,16
64,4,20,1,RLCCA,1,1066771,5.289281778207492,16.291152957283252,9
64,4,20,1,RLCCA,1,1027847,17.596644142844376,9.739660288168727,8
64,4,20,1,RLCCA,1,1038085,5.3546283134336266,18.821076618999033,13
64,4,20,1,RLCCA,1,1152795,5.587825462414394,7.133847358690776,1
64,4,20,1,RLCCA,1,1142554,3.221173953914541,0.8737108258959156,1
64,4,20,1,RLCCA,1,1081117,14.389479737632382,5.142168938585417,3
64,4,20,1,RLCCA,1,1072927,1.366898998413264,2.8841973325360506,1
64,4,20,1,RLCCA,1,1093381,13.160493295898046,4.87959399255757,3
64,4,20,1,RLCCA,1,1140491,8.872047834808756,16.701017285837032,10
64,4,20,1,RLCCA,1,1029906,18.711524325610583,23.294219752192095,16
64,4,20,1,RLCCA,1,1089293,12.054225338606685,5.456825711369968,2
64,4,20,1,RLCCA,1,1027887,5.640561862549713,18.069779530705688,13
64,4,20,1,RLCCA,1,1146672,7.251019175200906,0.12202296458870077,1
64,4,20,1,RLCCA,1,1003307,1.8805419638741405,4.693469709573925,1
64,4,20,1,RLCCA,1,1029929,9.147106151134086,18.89418329819466,14
64,4,20,1,RLCCA,1,1029926,15.884833204630313,1.4351699106309042,3
64,4,20,1,RLCCA,1,1040163,1.5915526572718637,21.342753188178698,13
64,4,20,1,RLCCA,1,1103677,19.37272888463287,8.450331771824763,8
64,4,20,1,RLCCA,1,1122111,8.361405764994695,24.89067770781248,14
64,4,20,1,RLCCA,1,1138467,15.393841420869064,8.65274070956283,7
64,4,20,1,RLCCA,1,1165092,19.269255987726368,22.071087470857815,16
64,4,20,1,RLCCA,1,1169188,11.964924536543785,13.791483370283167,10
64,4,20,1,RLCCA,1,1150759,1.4204533111120732,6.121322695420892,1
64,4,20,1,RLCCA,1,1136422,12.98011717315812,21.85974056825618,15
64,4,20,1,RLCCA,1,1150765,11.150035728188527,3.5412968376257314,2
64,4,20,1,RLCCA,1,1079120,16.80535614083175,21.26570295166924,15
64,4,20,1,RLCCA,1,1007437,9.016186825964796,22.360034769033884,14
64,4,20,1,RLCCA,1,1136468,7.45784982275028,8.653915691669981,5
64,4,20,1,RLCCA,1,1107800,11.582316499588153,3.71342440679377,2
64,4,20,1,RLCCA,1,1079128,21.97486081889141,15.312657998681878,12
64,4,20,1,RLCCA,1,1017668,15.438085750324982,11.072069392712054,7
64,4,20,1,RLCCA,1,1003332,17.69780831730794,9.630781058810705,8
64,4,20,1,RLCCA,1,1087325,9.726168139865127,1.1325364870649528,2
64,4,20,1,RLCCA,1,1044289,4.891351440746284,19.231132519145397,13
64,4,20,1,RLCCA,1,1161055,7.648044364751289,24.018186970033362,14
64,4,20,1,RLCCA,1,1077058,15.157888901531507,11.046124737569833,7
64,4,20,1,RLCCA,1,1064773,8.453198576623612,18.05226226448326,14
64,4,20,1,RLCCA,1,1046361,4.561237737994022,3.147112442050414,1
64,4,20,1,RLCCA,1,1091403,8.237646341696115,14.178438319590661,10
64,4,20,1,RLCCA,1,1152847,8.977269973863992,10.072492853212498,6
64,4,20,1,RLCCA,1,1025903,18.312520115172582,8.092134284835007,8
64,4,20,1,RLCCA,1,1058675,10.285361553104174,18.564598625193376,14
64,4,20,1,RLCCA,1,1042283,9.90005068058205,12.630538245624756,10
64,4,20,1,RLCCA,1,1093492,6.6857231883391925,13.36071805640091,9
64,4,20,1,RLCCA,1,1036138,7.733583564655898,23.674318921858355,14
64,4,20,1,RLCCA,1,1136505,21.31404362277091,18.108715186686172,16
64,4,20,1,RLCCA,1,1027941,23.4906060205532,13.750473241223972,12
64,4,20,1,RLCCA,1,1083236,14.274566608186817,24.11432351988458,15
64,4,20,1,RLCCA,1,1007481,19.298724816100215,10.412423876357234,8
64,4,20,1,RLCCA,1,1081190,15.046719234982083,10.975952799455218,7
64,4,20,1,RLCCA,1,1056617,23.48533727323025,24.210221374462392,16
64,4,20,1,RLCCA,1,1048438,18.592744587554524,5.86241600439396,4
64,4,20,1,RLCCA,1,1138536,11.29670117129191,17.572220730489516,14
64,4,20,1,RLCCA,1,1038195,14.178584817111556,5.680071783430984,3
64,4,20,1,RLCCA,1,1087343,1.1718233095895059,10.51170759942871,5
64,4,20,1,RLCCA,1,1042288,24.127844912234337,11.800587306255768,8
64,4,20,1,RLCCA,1,1150865,9.612858241479122,20.465040561367807,14
64,4,20,1,RLCCA,1,1019789,12.342562750799837,10.408341335382508,6
64,4,20,1,RLCCA,1,1079186,23.83231618167618,2.9545559353135724,4
64,4,20,1,RLCCA,1,1154962,6.862737316956779,4.18150697668388,1
64,4,20,1,RLCCA,1,1058707,12.804231169354106,14.670666590961687,11
64,4,20,1,RLCCA,1,1030027,18.715538295788892,9.280543770133026,8
64,4,20,1,RLCCA,1,1034122,19.344266752210793,1.73896409306621,4
64,4,20,1,RLCCA,1,1011592,13.12534245787818,15.087960084583303,11
64,4,20,1,RLCCA,1,1154970,24.560513501650142,2.18510053582183,4
64,4,20,1,RLCCA,1,1027971,9.949381945683472,15.094465924053157,10
64,4,20,1,RLCCA,1,1167232,5.703934905825422,5.928808065992779,1
64,4,20,1,RLCCA,1,1111939,14.76449143463839,13.497555739603943,11
64,4,20,1,RLCCA,1,1148802,10.48983462008086,0.1758831712757516,2
64,4,20,1,RLCCA,1,1001365,21.505961796200474,22.79959754365732,16
64,4,20,1,RLCCA,1,1138574,6.865713695748611,19.73690609172524,13
64,4,20,1,RLCCA,1,1167281,9.230597497413166,18.68485392019649,14
64,4,20,1,RLCCA,1,1040303,2.7455917497729914,24.810741124536754,13
64,4,20,1,RLCCA,1,1148848,11.123737870224264,11.763392644823103,6
64,4,20,1,RLCCA,1,1128370,3.8871436807427777,17.528866921532824,13
64,4,20,1,RLCCA,1,1005484,18.597321982145967,23.79177418617325,16
64,4,20,1,RLCCA,1,1103796,13.184409319734206,17.461950540059526,11
64,4,20,1,RLCCA,1,1159093,9.069793421963109,8.059042962845828,6
64,4,20,1,RLCCA,1,1068984,9.666631275524136,15.673271356966554,10
64,4,20,1,RLCCA,1,1064889,13.225076323487913,24.796472964772768,15
64,4,20,1,RLCCA,1,1095614,24.59256407190588,8.58505575418296,8
64,4,20,1,RLCCA,1,1040289,0.2420815107039722,12.278362936477766,5
64,4,20,1,RLCCA,1,1025952,21.053767263669965,23.07328374287133,16
64,4,20,1,RLCCA,1,1150881,19.065166169441145,17.348904551882526,12
64,4,20,1,RLCCA,1,1157025,13.64751814147473,18.520606012327857,15
64,4,20,1,RLCCA,1,1030076,9.381879905957682,10.361029184367883,6
64,4,20,1,RLCCA,1,1058723,24.046335424063816,18.4326544535054,16
64,4,20,1,RLCCA,1,1068963,0.914520507304065,0.4769655780677402,1
64,4,20,1,RLCCA,1,1130405,7.605450867238643,8.738541103218088,6
64,4,20,1,RLCCA,1,1136549,19.007883806919725,13.115787295017615,12
64,4,20,1,RLCCA,1,1140649,15.946961440986843,8.858962086051058,7
64,4,20,1,RLCCA,1,1017782,14.310749089763817,2.8819171814948588,3
64,4,20,1,RLCCA,1,1046452,8.02878416485502,18.33576671809952,14
64,4,20,1,RLCCA,1,1009585,21.14103694685259,8.472997933617213,8
64,4,20,1,RLCCA,1,1081262,10.778778749688646,1.7156514653701471,2
64,4,20,1,RLCCA,1,1140689,22.26502065489008,21.965738239357286,16
64,4,20,1,RLCCA,1,1058769,15.447321364980143,10.08002364816386,7
64,4,20,1,RLCCA,1,1046477,14.4038932976367,4.688576914567005,3
64,4,20,1,RLCCA,1,1085400,19.011931205987445,9.939447635828364,8
64,4,20,1,RLCCA,1,1011651,17.469727425326308,13.258218855954206,11
64,4,20,1,RLCCA,1,1163205,9.083589954996484,1.7082785185925211,2
64,4,20,1,RLCCA,1,1015768,24.449849762322632,11.349883145602583,8
64,4,20,1,RLCCA,1,1091528,16.870367952527108,9.409232486742592,7
64,4,20,1,RLCCA,1,1120205,19.364998260607813,12.736365598357663,12
64,4,20,1,RLCCA,1,1146831,21.50914588397449,24.831617355805633,16
64,4,20,1,RLCCA,1,1087476,10.843964072350257,8.736475270053848,6
64,4,20,1,RLCCA,1,1042410,21.6886302617978,0.09598964556611378,4
64,4,20,1,RLCCA,1,1023977,21.755219542554617,2.0198170341796047,4
64,4,20,1,RLCCA,1,1079288,20.87878744902081,4.025083356342135,4
64,4,20,1,RLCCA,1,1157112,2.9469607373662114,5.611618337381518,1
64,4,20,1,RLCCA,1,1148923,13.430004883805202,18.194542814877465,15
64,4,20,1,RLCCA,1,1099774,10.250266668678146,18.152467293300006,14
64,4,20,1,RLCCA,1,1042431,19.760651167615308,1.964212357457999,4
64,4,20,1,RLCCA,1,1028095,24.718453868504504,1.2366797564588268,4
64,4,20,1,RLCCA,1,1126369,1.5097876737039044,20.705080466500316,13
64,4,20,1,RLCCA,1,1132512,1.0498309126052483,6.992830122180295,1
64,4,20,1,RLCCA,1,1064931,23.076489009402103,22.902123271273634,16
64,4,20,1,RLCCA,1,1148901,5.512580477323386,10.923335209098067,5
64,4,20,1,RLCCA,1,1079269,23.006953402974588,1.8245133408457122,4
64,4,20,1,RLCCA,1,1101799,17.39960565297814,5.952884760536462,3
64,4,20,1,RLCCA,1,1079278,24.617122085280027,4.162297278921715,4
64,4,20,1,RLCCA,1,1167342,17.53017443262101,22.63315042030463,16
