,index,numberOfGroups,pubNum,locality,numOfCoop,method,application_id,server_id,x,y,capacity,used,connection,cp,mpnum,cluster_id,a,b,d
0,0,64,2,5,4,RLCCA,1,1,5.0,5.0,640,634.0,100,2948.0,22,3,1.0,1.0,5.326061600567473
1,1,64,2,5,4,RLCCA,1,2,10.0,5.0,640,338.0,73,1792.0,13,3,1.0,1.0,5.745191089610862
2,2,64,2,5,4,RLCCA,1,3,15.0,5.0,640,638.0,112,3170.0,23,1,1.0,1.0,5.297893447444092
3,3,64,2,5,4,RLCCA,1,4,20.0,5.0,640,572.0,71,2014.0,21,1,1.0,1.0,5.00505503166025
4,4,64,2,5,4,RLCCA,1,5,5.0,10.0,640,0.0,0,0.0,0,3,1.0,1.0,
5,5,64,2,5,4,RLCCA,1,6,10.0,10.0,640,0.0,0,0.0,0,3,1.0,1.0,
6,6,64,2,5,4,RLCCA,1,7,15.0,10.0,640,140.0,14,374.0,5,1,1.0,1.0,5.823701870330522
7,7,64,2,5,4,RLCCA,1,8,20.0,10.0,640,0.0,0,0.0,0,1,1.0,1.0,
8,8,64,2,5,4,RLCCA,1,9,5.0,15.0,640,512.0,97,3200.0,18,0,1.0,1.0,5.713789700357096
9,9,64,2,5,4,RLCCA,1,10,10.0,15.0,640,464.0,91,2644.0,17,0,1.0,1.0,6.370936127770567
10,10,64,2,5,4,RLCCA,1,11,15.0,15.0,640,500.0,107,3188.0,17,2,1.0,1.0,5.635058346020204
11,11,64,2,5,4,RLCCA,1,12,20.0,15.0,640,560.0,93,2506.0,21,2,1.0,1.0,5.323902941603349
12,12,64,2,5,4,RLCCA,1,13,5.0,20.0,640,462.0,76,2296.0,17,0,1.0,1.0,4.963787862073751
13,13,64,2,5,4,RLCCA,1,14,10.0,20.0,640,0.0,0,0.0,0,0,1.0,1.0,
14,14,64,2,5,4,RLCCA,1,15,15.0,20.0,640,256.0,61,1584.0,10,2,1.0,1.0,6.285976387150014
15,15,64,2,5,4,RLCCA,1,16,20.0,20.0,640,0.0,0,0.0,0,2,1.0,1.0,
16,0,64,2,5,4,RLCCA,1,1,5.0,5.0,640,634.0,100,2948.0,22,3,1.0,1.0,5.326061600567473
17,1,64,2,5,4,RLCCA,1,2,10.0,5.0,640,338.0,73,1792.0,13,3,1.0,1.0,5.745191089610862
18,2,64,2,5,4,RLCCA,1,3,15.0,5.0,640,638.0,112,3170.0,23,1,1.0,1.0,5.297893447444092
19,3,64,2,5,4,RLCCA,1,4,20.0,5.0,640,572.0,71,2014.0,21,1,1.0,1.0,5.00505503166025
20,4,64,2,5,4,RLCCA,1,5,5.0,10.0,640,0.0,0,0.0,0,3,1.0,1.0,
21,5,64,2,5,4,RLCCA,1,6,10.0,10.0,640,0.0,0,0.0,0,3,1.0,1.0,
22,6,64,2,5,4,RLCCA,1,7,15.0,10.0,640,140.0,14,374.0,5,1,1.0,1.0,5.823701870330522
23,7,64,2,5,4,RLCCA,1,8,20.0,10.0,640,0.0,0,0.0,0,1,1.0,1.0,
24,8,64,2,5,4,RLCCA,1,9,5.0,15.0,640,512.0,97,3200.0,18,0,1.0,1.0,5.713789700357096
25,9,64,2,5,4,RLCCA,1,10,10.0,15.0,640,464.0,91,2644.0,17,0,1.0,1.0,6.370936127770567
26,10,64,2,5,4,RLCCA,1,11,15.0,15.0,640,500.0,107,3188.0,17,2,1.0,1.0,5.635058346020204
27,11,64,2,5,4,RLCCA,1,12,20.0,15.0,640,560.0,93,2506.0,21,2,1.0,1.0,5.323902941603349
28,12,64,2,5,4,RLCCA,1,13,5.0,20.0,640,462.0,76,2296.0,17,0,1.0,1.0,4.963787862073751
29,13,64,2,5,4,RLCCA,1,14,10.0,20.0,640,0.0,0,0.0,0,0,1.0,1.0,
30,14,64,2,5,4,RLCCA,1,15,15.0,20.0,640,256.0,61,1584.0,10,2,1.0,1.0,6.285976387150014
31,15,64,2,5,4,RLCCA,1,16,20.0,20.0,640,0.0,0,0.0,0,2,1.0,1.0,
32,0,64,2,5,4,RLCCA,1,1,5.0,5.0,640,634.0,100,2948.0,22,3,1.0,1.0,5.326061600567473
33,1,64,2,5,4,RLCCA,1,2,10.0,5.0,640,338.0,73,1792.0,13,3,1.0,1.0,5.745191089610862
34,2,64,2,5,4,RLCCA,1,3,15.0,5.0,640,638.0,112,3170.0,23,1,1.0,1.0,5.297893447444092
35,3,64,2,5,4,RLCCA,1,4,20.0,5.0,640,572.0,71,2014.0,21,1,1.0,1.0,5.00505503166025
36,4,64,2,5,4,RLCCA,1,5,5.0,10.0,640,0.0,0,0.0,0,3,1.0,1.0,
37,5,64,2,5,4,RLCCA,1,6,10.0,10.0,640,0.0,0,0.0,0,3,1.0,1.0,
38,6,64,2,5,4,RLCCA,1,7,15.0,10.0,640,140.0,14,374.0,5,1,1.0,1.0,5.823701870330522
39,7,64,2,5,4,RLCCA,1,8,20.0,10.0,640,0.0,0,0.0,0,1,1.0,1.0,
40,8,64,2,5,4,RLCCA,1,9,5.0,15.0,640,512.0,97,3200.0,18,0,1.0,1.0,5.713789700357096
41,9,64,2,5,4,RLCCA,1,10,10.0,15.0,640,464.0,91,2644.0,17,0,1.0,1.0,6.370936127770567
42,10,64,2,5,4,RLCCA,1,11,15.0,15.0,640,500.0,107,3188.0,17,2,1.0,1.0,5.635058346020204
43,11,64,2,5,4,RLCCA,1,12,20.0,15.0,640,560.0,93,2506.0,21,2,1.0,1.0,5.323902941603349
44,12,64,2,5,4,RLCCA,1,13,5.0,20.0,640,462.0,76,2296.0,17,0,1.0,1.0,4.963787862073751
45,13,64,2,5,4,RLCCA,1,14,10.0,20.0,640,0.0,0,0.0,0,0,1.0,1.0,
46,14,64,2,5,4,RLCCA,1,15,15.0,20.0,640,256.0,61,1584.0,10,2,1.0,1.0,6.285976387150014
47,15,64,2,5,4,RLCCA,1,16,20.0,20.0,640,0.0,0,0.0,0,2,1.0,1.0,
48,0,64,2,5,4,RLCCA,1,1,5.0,5.0,640,634.0,100,2948.0,22,3,1.0,1.0,5.326061600567473
49,1,64,2,5,4,RLCCA,1,2,10.0,5.0,640,338.0,73,1792.0,13,3,1.0,1.0,5.745191089610862
50,2,64,2,5,4,RLCCA,1,3,15.0,5.0,640,638.0,112,3170.0,23,1,1.0,1.0,5.297893447444092
51,3,64,2,5,4,RLCCA,1,4,20.0,5.0,640,572.0,71,2014.0,21,1,1.0,1.0,5.00505503166025
52,4,64,2,5,4,RLCCA,1,5,5.0,10.0,640,0.0,0,0.0,0,3,1.0,1.0,
53,5,64,2,5,4,RLCCA,1,6,10.0,10.0,640,0.0,0,0.0,0,3,1.0,1.0,
54,6,64,2,5,4,RLCCA,1,7,15.0,10.0,640,140.0,14,374.0,5,1,1.0,1.0,5.823701870330522
55,7,64,2,5,4,RLCCA,1,8,20.0,10.0,640,0.0,0,0.0,0,1,1.0,1.0,
56,8,64,2,5,4,RLCCA,1,9,5.0,15.0,640,512.0,97,3200.0,18,0,1.0,1.0,5.713789700357096
57,9,64,2,5,4,RLCCA,1,10,10.0,15.0,640,464.0,91,2644.0,17,0,1.0,1.0,6.370936127770567
58,10,64,2,5,4,RLCCA,1,11,15.0,15.0,640,500.0,107,3188.0,17,2,1.0,1.0,5.635058346020204
59,11,64,2,5,4,RLCCA,1,12,20.0,15.0,640,560.0,93,2506.0,21,2,1.0,1.0,5.323902941603349
60,12,64,2,5,4,RLCCA,1,13,5.0,20.0,640,462.0,76,2296.0,17,0,1.0,1.0,4.963787862073751
61,13,64,2,5,4,RLCCA,1,14,10.0,20.0,640,0.0,0,0.0,0,0,1.0,1.0,
62,14,64,2,5,4,RLCCA,1,15,15.0,20.0,640,256.0,61,1584.0,10,2,1.0,1.0,6.285976387150014
63,15,64,2,5,4,RLCCA,1,16,20.0,20.0,640,0.0,0,0.0,0,2,1.0,1.0,
64,0,64,2,5,4,RLCCA,1,1,5.0,5.0,640,634.0,100,2948.0,22,3,1.0,1.0,5.326061600567473
65,1,64,2,5,4,RLCCA,1,2,10.0,5.0,640,338.0,73,1792.0,13,3,1.0,1.0,5.745191089610862
66,2,64,2,5,4,RLCCA,1,3,15.0,5.0,640,638.0,112,3170.0,23,1,1.0,1.0,5.297893447444092
67,3,64,2,5,4,RLCCA,1,4,20.0,5.0,640,572.0,71,2014.0,21,1,1.0,1.0,5.00505503166025
68,4,64,2,5,4,RLCCA,1,5,5.0,10.0,640,0.0,0,0.0,0,3,1.0,1.0,
69,5,64,2,5,4,RLCCA,1,6,10.0,10.0,640,0.0,0,0.0,0,3,1.0,1.0,
70,6,64,2,5,4,RLCCA,1,7,15.0,10.0,640,140.0,14,374.0,5,1,1.0,1.0,5.823701870330522
71,7,64,2,5,4,RLCCA,1,8,20.0,10.0,640,0.0,0,0.0,0,1,1.0,1.0,
72,8,64,2,5,4,RLCCA,1,9,5.0,15.0,640,512.0,97,3200.0,18,0,1.0,1.0,5.713789700357096
73,9,64,2,5,4,RLCCA,1,10,10.0,15.0,640,464.0,91,2644.0,17,0,1.0,1.0,6.370936127770567
74,10,64,2,5,4,RLCCA,1,11,15.0,15.0,640,500.0,107,3188.0,17,2,1.0,1.0,5.635058346020204
75,11,64,2,5,4,RLCCA,1,12,20.0,15.0,640,560.0,93,2506.0,21,2,1.0,1.0,5.323902941603349
76,12,64,2,5,4,RLCCA,1,13,5.0,20.0,640,462.0,76,2296.0,17,0,1.0,1.0,4.963787862073751
77,13,64,2,5,4,RLCCA,1,14,10.0,20.0,640,0.0,0,0.0,0,0,1.0,1.0,
78,14,64,2,5,4,RLCCA,1,15,15.0,20.0,640,256.0,61,1584.0,10,2,1.0,1.0,6.285976387150014
79,15,64,2,5,4,RLCCA,1,16,20.0,20.0,640,0.0,0,0.0,0,2,1.0,1.0,
80,0,64,2,5,4,RLCCA,1,1,5.0,5.0,640,634.0,100,2948.0,22,3,1.0,1.0,5.326061600567473
81,1,64,2,5,4,RLCCA,1,2,10.0,5.0,640,338.0,73,1792.0,13,3,1.0,1.0,5.745191089610862
82,2,64,2,5,4,RLCCA,1,3,15.0,5.0,640,638.0,112,3170.0,23,1,1.0,1.0,5.297893447444092
83,3,64,2,5,4,RLCCA,1,4,20.0,5.0,640,572.0,71,2014.0,21,1,1.0,1.0,5.00505503166025
84,4,64,2,5,4,RLCCA,1,5,5.0,10.0,640,0.0,0,0.0,0,3,1.0,1.0,
85,5,64,2,5,4,RLCCA,1,6,10.0,10.0,640,0.0,0,0.0,0,3,1.0,1.0,
86,6,64,2,5,4,RLCCA,1,7,15.0,10.0,640,140.0,14,374.0,5,1,1.0,1.0,5.823701870330522
87,7,64,2,5,4,RLCCA,1,8,20.0,10.0,640,0.0,0,0.0,0,1,1.0,1.0,
88,8,64,2,5,4,RLCCA,1,9,5.0,15.0,640,512.0,97,3200.0,18,0,1.0,1.0,5.713789700357096
89,9,64,2,5,4,RLCCA,1,10,10.0,15.0,640,464.0,91,2644.0,17,0,1.0,1.0,6.370936127770567
90,10,64,2,5,4,RLCCA,1,11,15.0,15.0,640,500.0,107,3188.0,17,2,1.0,1.0,5.635058346020204
91,11,64,2,5,4,RLCCA,1,12,20.0,15.0,640,560.0,93,2506.0,21,2,1.0,1.0,5.323902941603349
92,12,64,2,5,4,RLCCA,1,13,5.0,20.0,640,462.0,76,2296.0,17,0,1.0,1.0,4.963787862073751
93,13,64,2,5,4,RLCCA,1,14,10.0,20.0,640,0.0,0,0.0,0,0,1.0,1.0,
94,14,64,2,5,4,RLCCA,1,15,15.0,20.0,640,256.0,61,1584.0,10,2,1.0,1.0,6.285976387150014
95,15,64,2,5,4,RLCCA,1,16,20.0,20.0,640,0.0,0,0.0,0,2,1.0,1.0,
96,0,64,2,5,4,RLCCA,1,1,5.0,5.0,640,634.0,100,2948.0,22,3,1.0,1.0,5.326061600567473
97,1,64,2,5,4,RLCCA,1,2,10.0,5.0,640,338.0,73,1792.0,13,3,1.0,1.0,5.745191089610862
98,2,64,2,5,4,RLCCA,1,3,15.0,5.0,640,638.0,112,3170.0,23,1,1.0,1.0,5.297893447444092
99,3,64,2,5,4,RLCCA,1,4,20.0,5.0,640,572.0,71,2014.0,21,1,1.0,1.0,5.00505503166025
100,4,64,2,5,4,RLCCA,1,5,5.0,10.0,640,0.0,0,0.0,0,3,1.0,1.0,
101,5,64,2,5,4,RLCCA,1,6,10.0,10.0,640,0.0,0,0.0,0,3,1.0,1.0,
102,6,64,2,5,4,RLCCA,1,7,15.0,10.0,640,140.0,14,374.0,5,1,1.0,1.0,5.823701870330522
103,7,64,2,5,4,RLCCA,1,8,20.0,10.0,640,0.0,0,0.0,0,1,1.0,1.0,
104,8,64,2,5,4,RLCCA,1,9,5.0,15.0,640,512.0,97,3200.0,18,0,1.0,1.0,5.713789700357096
105,9,64,2,5,4,RLCCA,1,10,10.0,15.0,640,464.0,91,2644.0,17,0,1.0,1.0,6.370936127770567
106,10,64,2,5,4,RLCCA,1,11,15.0,15.0,640,500.0,107,3188.0,17,2,1.0,1.0,5.635058346020204
107,11,64,2,5,4,RLCCA,1,12,20.0,15.0,640,560.0,93,2506.0,21,2,1.0,1.0,5.323902941603349
108,12,64,2,5,4,RLCCA,1,13,5.0,20.0,640,462.0,76,2296.0,17,0,1.0,1.0,4.963787862073751
109,13,64,2,5,4,RLCCA,1,14,10.0,20.0,640,0.0,0,0.0,0,0,1.0,1.0,
110,14,64,2,5,4,RLCCA,1,15,15.0,20.0,640,256.0,61,1584.0,10,2,1.0,1.0,6.285976387150014
111,15,64,2,5,4,RLCCA,1,16,20.0,20.0,640,0.0,0,0.0,0,2,1.0,1.0,
112,0,64,2,5,4,RLCCA,1,1,5.0,5.0,640,634.0,100,2948.0,22,3,1.0,1.0,5.326061600567473
113,1,64,2,5,4,RLCCA,1,2,10.0,5.0,640,338.0,73,1792.0,13,3,1.0,1.0,5.745191089610862
114,2,64,2,5,4,RLCCA,1,3,15.0,5.0,640,638.0,112,3170.0,23,1,1.0,1.0,5.297893447444092
115,3,64,2,5,4,RLCCA,1,4,20.0,5.0,640,572.0,71,2014.0,21,1,1.0,1.0,5.00505503166025
116,4,64,2,5,4,RLCCA,1,5,5.0,10.0,640,0.0,0,0.0,0,3,1.0,1.0,
117,5,64,2,5,4,RLCCA,1,6,10.0,10.0,640,0.0,0,0.0,0,3,1.0,1.0,
118,6,64,2,5,4,RLCCA,1,7,15.0,10.0,640,140.0,14,374.0,5,1,1.0,1.0,5.823701870330522
119,7,64,2,5,4,RLCCA,1,8,20.0,10.0,640,0.0,0,0.0,0,1,1.0,1.0,
120,8,64,2,5,4,RLCCA,1,9,5.0,15.0,640,512.0,97,3200.0,18,0,1.0,1.0,5.713789700357096
121,9,64,2,5,4,RLCCA,1,10,10.0,15.0,640,464.0,91,2644.0,17,0,1.0,1.0,6.370936127770567
122,10,64,2,5,4,RLCCA,1,11,15.0,15.0,640,500.0,107,3188.0,17,2,1.0,1.0,5.635058346020204
123,11,64,2,5,4,RLCCA,1,12,20.0,15.0,640,560.0,93,2506.0,21,2,1.0,1.0,5.323902941603349
124,12,64,2,5,4,RLCCA,1,13,5.0,20.0,640,462.0,76,2296.0,17,0,1.0,1.0,4.963787862073751
125,13,64,2,5,4,RLCCA,1,14,10.0,20.0,640,0.0,0,0.0,0,0,1.0,1.0,
126,14,64,2,5,4,RLCCA,1,15,15.0,20.0,640,256.0,61,1584.0,10,2,1.0,1.0,6.285976387150014
127,15,64,2,5,4,RLCCA,1,16,20.0,20.0,640,0.0,0,0.0,0,2,1.0,1.0,
128,0,64,2,5,4,RLCCA,1,1,5.0,5.0,640,634.0,100,2948.0,22,3,1.0,1.0,5.326061600567473
129,1,64,2,5,4,RLCCA,1,2,10.0,5.0,640,338.0,73,1792.0,13,3,1.0,1.0,5.745191089610862
130,2,64,2,5,4,RLCCA,1,3,15.0,5.0,640,638.0,112,3170.0,23,1,1.0,1.0,5.297893447444092
131,3,64,2,5,4,RLCCA,1,4,20.0,5.0,640,572.0,71,2014.0,21,1,1.0,1.0,5.00505503166025
132,4,64,2,5,4,RLCCA,1,5,5.0,10.0,640,0.0,0,0.0,0,3,1.0,1.0,
133,5,64,2,5,4,RLCCA,1,6,10.0,10.0,640,0.0,0,0.0,0,3,1.0,1.0,
134,6,64,2,5,4,RLCCA,1,7,15.0,10.0,640,140.0,14,374.0,5,1,1.0,1.0,5.823701870330522
135,7,64,2,5,4,RLCCA,1,8,20.0,10.0,640,0.0,0,0.0,0,1,1.0,1.0,
136,8,64,2,5,4,RLCCA,1,9,5.0,15.0,640,512.0,97,3200.0,18,0,1.0,1.0,5.713789700357096
137,9,64,2,5,4,RLCCA,1,10,10.0,15.0,640,464.0,91,2644.0,17,0,1.0,1.0,6.370936127770567
138,10,64,2,5,4,RLCCA,1,11,15.0,15.0,640,500.0,107,3188.0,17,2,1.0,1.0,5.635058346020204
139,11,64,2,5,4,RLCCA,1,12,20.0,15.0,640,560.0,93,2506.0,21,2,1.0,1.0,5.323902941603349
140,12,64,2,5,4,RLCCA,1,13,5.0,20.0,640,462.0,76,2296.0,17,0,1.0,1.0,4.963787862073751
141,13,64,2,5,4,RLCCA,1,14,10.0,20.0,640,0.0,0,0.0,0,0,1.0,1.0,
142,14,64,2,5,4,RLCCA,1,15,15.0,20.0,640,256.0,61,1584.0,10,2,1.0,1.0,6.285976387150014
143,15,64,2,5,4,RLCCA,1,16,20.0,20.0,640,0.0,0,0.0,0,2,1.0,1.0,
144,0,64,2,5,4,RLCCA,1,1,5.0,5.0,640,634.0,100,2948.0,22,3,1.0,1.0,5.326061600567473
145,1,64,2,5,4,RLCCA,1,2,10.0,5.0,640,338.0,73,1792.0,13,3,1.0,1.0,5.745191089610862
146,2,64,2,5,4,RLCCA,1,3,15.0,5.0,640,638.0,112,3170.0,23,1,1.0,1.0,5.297893447444092
147,3,64,2,5,4,RLCCA,1,4,20.0,5.0,640,572.0,71,2014.0,21,1,1.0,1.0,5.00505503166025
148,4,64,2,5,4,RLCCA,1,5,5.0,10.0,640,0.0,0,0.0,0,3,1.0,1.0,
149,5,64,2,5,4,RLCCA,1,6,10.0,10.0,640,0.0,0,0.0,0,3,1.0,1.0,
150,6,64,2,5,4,RLCCA,1,7,15.0,10.0,640,140.0,14,374.0,5,1,1.0,1.0,5.823701870330522
151,7,64,2,5,4,RLCCA,1,8,20.0,10.0,640,0.0,0,0.0,0,1,1.0,1.0,
152,8,64,2,5,4,RLCCA,1,9,5.0,15.0,640,512.0,97,3200.0,18,0,1.0,1.0,5.713789700357096
153,9,64,2,5,4,RLCCA,1,10,10.0,15.0,640,464.0,91,2644.0,17,0,1.0,1.0,6.370936127770567
154,10,64,2,5,4,RLCCA,1,11,15.0,15.0,640,500.0,107,3188.0,17,2,1.0,1.0,5.635058346020204
155,11,64,2,5,4,RLCCA,1,12,20.0,15.0,640,560.0,93,2506.0,21,2,1.0,1.0,5.323902941603349
156,12,64,2,5,4,RLCCA,1,13,5.0,20.0,640,462.0,76,2296.0,17,0,1.0,1.0,4.963787862073751
157,13,64,2,5,4,RLCCA,1,14,10.0,20.0,640,0.0,0,0.0,0,0,1.0,1.0,
158,14,64,2,5,4,RLCCA,1,15,15.0,20.0,640,256.0,61,1584.0,10,2,1.0,1.0,6.285976387150014
159,15,64,2,5,4,RLCCA,1,16,20.0,20.0,640,0.0,0,0.0,0,2,1.0,1.0,
160,0,64,2,5,4,RLCCA,1,1,5.0,5.0,640,634.0,100,2948.0,22,3,1.0,1.0,5.326061600567473
161,1,64,2,5,4,RLCCA,1,2,10.0,5.0,640,338.0,73,1792.0,13,3,1.0,1.0,5.745191089610862
162,2,64,2,5,4,RLCCA,1,3,15.0,5.0,640,638.0,112,3170.0,23,1,1.0,1.0,5.297893447444092
163,3,64,2,5,4,RLCCA,1,4,20.0,5.0,640,572.0,71,2014.0,21,1,1.0,1.0,5.00505503166025
164,4,64,2,5,4,RLCCA,1,5,5.0,10.0,640,0.0,0,0.0,0,3,1.0,1.0,
165,5,64,2,5,4,RLCCA,1,6,10.0,10.0,640,0.0,0,0.0,0,3,1.0,1.0,
166,6,64,2,5,4,RLCCA,1,7,15.0,10.0,640,140.0,14,374.0,5,1,1.0,1.0,5.823701870330522
167,7,64,2,5,4,RLCCA,1,8,20.0,10.0,640,0.0,0,0.0,0,1,1.0,1.0,
168,8,64,2,5,4,RLCCA,1,9,5.0,15.0,640,512.0,97,3200.0,18,0,1.0,1.0,5.713789700357096
169,9,64,2,5,4,RLCCA,1,10,10.0,15.0,640,464.0,91,2644.0,17,0,1.0,1.0,6.370936127770567
170,10,64,2,5,4,RLCCA,1,11,15.0,15.0,640,500.0,107,3188.0,17,2,1.0,1.0,5.635058346020204
171,11,64,2,5,4,RLCCA,1,12,20.0,15.0,640,560.0,93,2506.0,21,2,1.0,1.0,5.323902941603349
172,12,64,2,5,4,RLCCA,1,13,5.0,20.0,640,462.0,76,2296.0,17,0,1.0,1.0,4.963787862073751
173,13,64,2,5,4,RLCCA,1,14,10.0,20.0,640,0.0,0,0.0,0,0,1.0,1.0,
174,14,64,2,5,4,RLCCA,1,15,15.0,20.0,640,256.0,61,1584.0,10,2,1.0,1.0,6.285976387150014
175,15,64,2,5,4,RLCCA,1,16,20.0,20.0,640,0.0,0,0.0,0,2,1.0,1.0,
176,0,64,2,5,4,RLCCA,1,1,5.0,5.0,640,634.0,100,2948.0,22,3,1.0,1.0,5.326061600567473
177,1,64,2,5,4,RLCCA,1,2,10.0,5.0,640,338.0,73,1792.0,13,3,1.0,1.0,5.745191089610862
178,2,64,2,5,4,RLCCA,1,3,15.0,5.0,640,638.0,112,3170.0,23,1,1.0,1.0,5.297893447444092
179,3,64,2,5,4,RLCCA,1,4,20.0,5.0,640,572.0,71,2014.0,21,1,1.0,1.0,5.00505503166025
180,4,64,2,5,4,RLCCA,1,5,5.0,10.0,640,0.0,0,0.0,0,3,1.0,1.0,
181,5,64,2,5,4,RLCCA,1,6,10.0,10.0,640,0.0,0,0.0,0,3,1.0,1.0,
182,6,64,2,5,4,RLCCA,1,7,15.0,10.0,640,140.0,14,374.0,5,1,1.0,1.0,5.823701870330522
183,7,64,2,5,4,RLCCA,1,8,20.0,10.0,640,0.0,0,0.0,0,1,1.0,1.0,
184,8,64,2,5,4,RLCCA,1,9,5.0,15.0,640,512.0,97,3200.0,18,0,1.0,1.0,5.713789700357096
185,9,64,2,5,4,RLCCA,1,10,10.0,15.0,640,464.0,91,2644.0,17,0,1.0,1.0,6.370936127770567
186,10,64,2,5,4,RLCCA,1,11,15.0,15.0,640,500.0,107,3188.0,17,2,1.0,1.0,5.635058346020204
187,11,64,2,5,4,RLCCA,1,12,20.0,15.0,640,560.0,93,2506.0,21,2,1.0,1.0,5.323902941603349
188,12,64,2,5,4,RLCCA,1,13,5.0,20.0,640,462.0,76,2296.0,17,0,1.0,1.0,4.963787862073751
189,13,64,2,5,4,RLCCA,1,14,10.0,20.0,640,0.0,0,0.0,0,0,1.0,1.0,
190,14,64,2,5,4,RLCCA,1,15,15.0,20.0,640,256.0,61,1584.0,10,2,1.0,1.0,6.285976387150014
191,15,64,2,5,4,RLCCA,1,16,20.0,20.0,640,0.0,0,0.0,0,2,1.0,1.0,
192,0,64,2,5,4,RLCCA,1,1,5.0,5.0,640,634.0,100,2948.0,22,3,1.0,1.0,5.326061600567473
193,1,64,2,5,4,RLCCA,1,2,10.0,5.0,640,338.0,73,1792.0,13,3,1.0,1.0,5.745191089610862
194,2,64,2,5,4,RLCCA,1,3,15.0,5.0,640,638.0,112,3170.0,23,1,1.0,1.0,5.297893447444092
195,3,64,2,5,4,RLCCA,1,4,20.0,5.0,640,572.0,71,2014.0,21,1,1.0,1.0,5.00505503166025
196,4,64,2,5,4,RLCCA,1,5,5.0,10.0,640,0.0,0,0.0,0,3,1.0,1.0,
197,5,64,2,5,4,RLCCA,1,6,10.0,10.0,640,0.0,0,0.0,0,3,1.0,1.0,
198,6,64,2,5,4,RLCCA,1,7,15.0,10.0,640,140.0,14,374.0,5,1,1.0,1.0,5.823701870330522
199,7,64,2,5,4,RLCCA,1,8,20.0,10.0,640,0.0,0,0.0,0,1,1.0,1.0,
200,8,64,2,5,4,RLCCA,1,9,5.0,15.0,640,512.0,97,3200.0,18,0,1.0,1.0,5.713789700357096
201,9,64,2,5,4,RLCCA,1,10,10.0,15.0,640,464.0,91,2644.0,17,0,1.0,1.0,6.370936127770567
202,10,64,2,5,4,RLCCA,1,11,15.0,15.0,640,500.0,107,3188.0,17,2,1.0,1.0,5.635058346020204
203,11,64,2,5,4,RLCCA,1,12,20.0,15.0,640,560.0,93,2506.0,21,2,1.0,1.0,5.323902941603349
204,12,64,2,5,4,RLCCA,1,13,5.0,20.0,640,462.0,76,2296.0,17,0,1.0,1.0,4.963787862073751
205,13,64,2,5,4,RLCCA,1,14,10.0,20.0,640,0.0,0,0.0,0,0,1.0,1.0,
206,14,64,2,5,4,RLCCA,1,15,15.0,20.0,640,256.0,61,1584.0,10,2,1.0,1.0,6.285976387150014
207,15,64,2,5,4,RLCCA,1,16,20.0,20.0,640,0.0,0,0.0,0,2,1.0,1.0,
208,0,64,2,5,4,RLCCA,1,1,5.0,5.0,640,634.0,100,2948.0,22,3,1.0,1.0,5.326061600567473
209,1,64,2,5,4,RLCCA,1,2,10.0,5.0,640,338.0,73,1792.0,13,3,1.0,1.0,5.745191089610862
210,2,64,2,5,4,RLCCA,1,3,15.0,5.0,640,638.0,112,3170.0,23,1,1.0,1.0,5.297893447444092
211,3,64,2,5,4,RLCCA,1,4,20.0,5.0,640,572.0,71,2014.0,21,1,1.0,1.0,5.00505503166025
212,4,64,2,5,4,RLCCA,1,5,5.0,10.0,640,0.0,0,0.0,0,3,1.0,1.0,
213,5,64,2,5,4,RLCCA,1,6,10.0,10.0,640,0.0,0,0.0,0,3,1.0,1.0,
214,6,64,2,5,4,RLCCA,1,7,15.0,10.0,640,140.0,14,374.0,5,1,1.0,1.0,5.823701870330522
215,7,64,2,5,4,RLCCA,1,8,20.0,10.0,640,0.0,0,0.0,0,1,1.0,1.0,
216,8,64,2,5,4,RLCCA,1,9,5.0,15.0,640,512.0,97,3200.0,18,0,1.0,1.0,5.713789700357096
217,9,64,2,5,4,RLCCA,1,10,10.0,15.0,640,464.0,91,2644.0,17,0,1.0,1.0,6.370936127770567
218,10,64,2,5,4,RLCCA,1,11,15.0,15.0,640,500.0,107,3188.0,17,2,1.0,1.0,5.635058346020204
219,11,64,2,5,4,RLCCA,1,12,20.0,15.0,640,560.0,93,2506.0,21,2,1.0,1.0,5.323902941603349
220,12,64,2,5,4,RLCCA,1,13,5.0,20.0,640,462.0,76,2296.0,17,0,1.0,1.0,4.963787862073751
221,13,64,2,5,4,RLCCA,1,14,10.0,20.0,640,0.0,0,0.0,0,0,1.0,1.0,
222,14,64,2,5,4,RLCCA,1,15,15.0,20.0,640,256.0,61,1584.0,10,2,1.0,1.0,6.285976387150014
223,15,64,2,5,4,RLCCA,1,16,20.0,20.0,640,0.0,0,0.0,0,2,1.0,1.0,
224,0,64,2,5,4,RLCCA,1,1,5.0,5.0,640,634.0,100,2948.0,22,3,1.0,1.0,5.326061600567473
225,1,64,2,5,4,RLCCA,1,2,10.0,5.0,640,338.0,73,1792.0,13,3,1.0,1.0,5.745191089610862
226,2,64,2,5,4,RLCCA,1,3,15.0,5.0,640,638.0,112,3170.0,23,1,1.0,1.0,5.297893447444092
227,3,64,2,5,4,RLCCA,1,4,20.0,5.0,640,572.0,71,2014.0,21,1,1.0,1.0,5.00505503166025
228,4,64,2,5,4,RLCCA,1,5,5.0,10.0,640,0.0,0,0.0,0,3,1.0,1.0,
229,5,64,2,5,4,RLCCA,1,6,10.0,10.0,640,0.0,0,0.0,0,3,1.0,1.0,
230,6,64,2,5,4,RLCCA,1,7,15.0,10.0,640,140.0,14,374.0,5,1,1.0,1.0,5.823701870330522
231,7,64,2,5,4,RLCCA,1,8,20.0,10.0,640,0.0,0,0.0,0,1,1.0,1.0,
232,8,64,2,5,4,RLCCA,1,9,5.0,15.0,640,512.0,97,3200.0,18,0,1.0,1.0,5.713789700357096
233,9,64,2,5,4,RLCCA,1,10,10.0,15.0,640,464.0,91,2644.0,17,0,1.0,1.0,6.370936127770567
234,10,64,2,5,4,RLCCA,1,11,15.0,15.0,640,500.0,107,3188.0,17,2,1.0,1.0,5.635058346020204
235,11,64,2,5,4,RLCCA,1,12,20.0,15.0,640,560.0,93,2506.0,21,2,1.0,1.0,5.323902941603349
236,12,64,2,5,4,RLCCA,1,13,5.0,20.0,640,462.0,76,2296.0,17,0,1.0,1.0,4.963787862073751
237,13,64,2,5,4,RLCCA,1,14,10.0,20.0,640,0.0,0,0.0,0,0,1.0,1.0,
238,14,64,2,5,4,RLCCA,1,15,15.0,20.0,640,256.0,61,1584.0,10,2,1.0,1.0,6.285976387150014
239,15,64,2,5,4,RLCCA,1,16,20.0,20.0,640,0.0,0,0.0,0,2,1.0,1.0,
240,0,64,2,5,4,RLCCA,1,1,5.0,5.0,640,634.0,100,2948.0,22,3,1.0,1.0,5.326061600567473
241,1,64,2,5,4,RLCCA,1,2,10.0,5.0,640,338.0,73,1792.0,13,3,1.0,1.0,5.745191089610862
242,2,64,2,5,4,RLCCA,1,3,15.0,5.0,640,638.0,112,3170.0,23,1,1.0,1.0,5.297893447444092
243,3,64,2,5,4,RLCCA,1,4,20.0,5.0,640,572.0,71,2014.0,21,1,1.0,1.0,5.00505503166025
244,4,64,2,5,4,RLCCA,1,5,5.0,10.0,640,0.0,0,0.0,0,3,1.0,1.0,
245,5,64,2,5,4,RLCCA,1,6,10.0,10.0,640,0.0,0,0.0,0,3,1.0,1.0,
246,6,64,2,5,4,RLCCA,1,7,15.0,10.0,640,140.0,14,374.0,5,1,1.0,1.0,5.823701870330522
247,7,64,2,5,4,RLCCA,1,8,20.0,10.0,640,0.0,0,0.0,0,1,1.0,1.0,
248,8,64,2,5,4,RLCCA,1,9,5.0,15.0,640,512.0,97,3200.0,18,0,1.0,1.0,5.713789700357096
249,9,64,2,5,4,RLCCA,1,10,10.0,15.0,640,464.0,91,2644.0,17,0,1.0,1.0,6.370936127770567
250,10,64,2,5,4,RLCCA,1,11,15.0,15.0,640,500.0,107,3188.0,17,2,1.0,1.0,5.635058346020204
251,11,64,2,5,4,RLCCA,1,12,20.0,15.0,640,560.0,93,2506.0,21,2,1.0,1.0,5.323902941603349
252,12,64,2,5,4,RLCCA,1,13,5.0,20.0,640,462.0,76,2296.0,17,0,1.0,1.0,4.963787862073751
253,13,64,2,5,4,RLCCA,1,14,10.0,20.0,640,0.0,0,0.0,0,0,1.0,1.0,
254,14,64,2,5,4,RLCCA,1,15,15.0,20.0,640,256.0,61,1584.0,10,2,1.0,1.0,6.285976387150014
255,15,64,2,5,4,RLCCA,1,16,20.0,20.0,640,0.0,0,0.0,0,2,1.0,1.0,
256,0,64,2,5,4,RLCCA,1,1,5.0,5.0,640,634.0,100,2948.0,22,3,1.0,1.0,5.326061600567473
257,1,64,2,5,4,RLCCA,1,2,10.0,5.0,640,338.0,73,1792.0,13,3,1.0,1.0,5.745191089610862
258,2,64,2,5,4,RLCCA,1,3,15.0,5.0,640,638.0,112,3170.0,23,1,1.0,1.0,5.297893447444092
259,3,64,2,5,4,RLCCA,1,4,20.0,5.0,640,572.0,71,2014.0,21,1,1.0,1.0,5.00505503166025
260,4,64,2,5,4,RLCCA,1,5,5.0,10.0,640,0.0,0,0.0,0,3,1.0,1.0,
261,5,64,2,5,4,RLCCA,1,6,10.0,10.0,640,0.0,0,0.0,0,3,1.0,1.0,
262,6,64,2,5,4,RLCCA,1,7,15.0,10.0,640,140.0,14,374.0,5,1,1.0,1.0,5.823701870330522
263,7,64,2,5,4,RLCCA,1,8,20.0,10.0,640,0.0,0,0.0,0,1,1.0,1.0,
264,8,64,2,5,4,RLCCA,1,9,5.0,15.0,640,512.0,97,3200.0,18,0,1.0,1.0,5.713789700357096
265,9,64,2,5,4,RLCCA,1,10,10.0,15.0,640,464.0,91,2644.0,17,0,1.0,1.0,6.370936127770567
266,10,64,2,5,4,RLCCA,1,11,15.0,15.0,640,500.0,107,3188.0,17,2,1.0,1.0,5.635058346020204
267,11,64,2,5,4,RLCCA,1,12,20.0,15.0,640,560.0,93,2506.0,21,2,1.0,1.0,5.323902941603349
268,12,64,2,5,4,RLCCA,1,13,5.0,20.0,640,462.0,76,2296.0,17,0,1.0,1.0,4.963787862073751
269,13,64,2,5,4,RLCCA,1,14,10.0,20.0,640,0.0,0,0.0,0,0,1.0,1.0,
270,14,64,2,5,4,RLCCA,1,15,15.0,20.0,640,256.0,61,1584.0,10,2,1.0,1.0,6.285976387150014
271,15,64,2,5,4,RLCCA,1,16,20.0,20.0,640,0.0,0,0.0,0,2,1.0,1.0,
272,0,64,2,5,4,RLCCA,1,1,5.0,5.0,640,634.0,100,2948.0,22,3,1.0,1.0,5.326061600567473
273,1,64,2,5,4,RLCCA,1,2,10.0,5.0,640,338.0,73,1792.0,13,3,1.0,1.0,5.745191089610862
274,2,64,2,5,4,RLCCA,1,3,15.0,5.0,640,638.0,112,3170.0,23,1,1.0,1.0,5.297893447444092
275,3,64,2,5,4,RLCCA,1,4,20.0,5.0,640,572.0,71,2014.0,21,1,1.0,1.0,5.00505503166025
276,4,64,2,5,4,RLCCA,1,5,5.0,10.0,640,0.0,0,0.0,0,3,1.0,1.0,
277,5,64,2,5,4,RLCCA,1,6,10.0,10.0,640,0.0,0,0.0,0,3,1.0,1.0,
278,6,64,2,5,4,RLCCA,1,7,15.0,10.0,640,140.0,14,374.0,5,1,1.0,1.0,5.823701870330522
279,7,64,2,5,4,RLCCA,1,8,20.0,10.0,640,0.0,0,0.0,0,1,1.0,1.0,
280,8,64,2,5,4,RLCCA,1,9,5.0,15.0,640,512.0,97,3200.0,18,0,1.0,1.0,5.713789700357096
281,9,64,2,5,4,RLCCA,1,10,10.0,15.0,640,464.0,91,2644.0,17,0,1.0,1.0,6.370936127770567
282,10,64,2,5,4,RLCCA,1,11,15.0,15.0,640,500.0,107,3188.0,17,2,1.0,1.0,5.635058346020204
283,11,64,2,5,4,RLCCA,1,12,20.0,15.0,640,560.0,93,2506.0,21,2,1.0,1.0,5.323902941603349
284,12,64,2,5,4,RLCCA,1,13,5.0,20.0,640,462.0,76,2296.0,17,0,1.0,1.0,4.963787862073751
285,13,64,2,5,4,RLCCA,1,14,10.0,20.0,640,0.0,0,0.0,0,0,1.0,1.0,
286,14,64,2,5,4,RLCCA,1,15,15.0,20.0,640,256.0,61,1584.0,10,2,1.0,1.0,6.285976387150014
287,15,64,2,5,4,RLCCA,1,16,20.0,20.0,640,0.0,0,0.0,0,2,1.0,1.0,
288,0,64,2,5,4,RLCCA,1,1,5.0,5.0,640,634.0,100,2948.0,22,3,1.0,1.0,5.326061600567473
289,1,64,2,5,4,RLCCA,1,2,10.0,5.0,640,338.0,73,1792.0,13,3,1.0,1.0,5.745191089610862
290,2,64,2,5,4,RLCCA,1,3,15.0,5.0,640,638.0,112,3170.0,23,1,1.0,1.0,5.297893447444092
291,3,64,2,5,4,RLCCA,1,4,20.0,5.0,640,572.0,71,2014.0,21,1,1.0,1.0,5.00505503166025
292,4,64,2,5,4,RLCCA,1,5,5.0,10.0,640,0.0,0,0.0,0,3,1.0,1.0,
293,5,64,2,5,4,RLCCA,1,6,10.0,10.0,640,0.0,0,0.0,0,3,1.0,1.0,
294,6,64,2,5,4,RLCCA,1,7,15.0,10.0,640,140.0,14,374.0,5,1,1.0,1.0,5.823701870330522
295,7,64,2,5,4,RLCCA,1,8,20.0,10.0,640,0.0,0,0.0,0,1,1.0,1.0,
296,8,64,2,5,4,RLCCA,1,9,5.0,15.0,640,512.0,97,3200.0,18,0,1.0,1.0,5.713789700357096
297,9,64,2,5,4,RLCCA,1,10,10.0,15.0,640,464.0,91,2644.0,17,0,1.0,1.0,6.370936127770567
298,10,64,2,5,4,RLCCA,1,11,15.0,15.0,640,500.0,107,3188.0,17,2,1.0,1.0,5.635058346020204
299,11,64,2,5,4,RLCCA,1,12,20.0,15.0,640,560.0,93,2506.0,21,2,1.0,1.0,5.323902941603349
300,12,64,2,5,4,RLCCA,1,13,5.0,20.0,640,462.0,76,2296.0,17,0,1.0,1.0,4.963787862073751
301,13,64,2,5,4,RLCCA,1,14,10.0,20.0,640,0.0,0,0.0,0,0,1.0,1.0,
302,14,64,2,5,4,RLCCA,1,15,15.0,20.0,640,256.0,61,1584.0,10,2,1.0,1.0,6.285976387150014
303,15,64,2,5,4,RLCCA,1,16,20.0,20.0,640,0.0,0,0.0,0,2,1.0,1.0,
304,0,64,2,5,4,RLCCA,1,1,5.0,5.0,640,634.0,100,2948.0,22,3,1.0,1.0,5.326061600567473
305,1,64,2,5,4,RLCCA,1,2,10.0,5.0,640,338.0,73,1792.0,13,3,1.0,1.0,5.745191089610862
306,2,64,2,5,4,RLCCA,1,3,15.0,5.0,640,638.0,112,3170.0,23,1,1.0,1.0,5.297893447444092
307,3,64,2,5,4,RLCCA,1,4,20.0,5.0,640,572.0,71,2014.0,21,1,1.0,1.0,5.00505503166025
308,4,64,2,5,4,RLCCA,1,5,5.0,10.0,640,0.0,0,0.0,0,3,1.0,1.0,
309,5,64,2,5,4,RLCCA,1,6,10.0,10.0,640,0.0,0,0.0,0,3,1.0,1.0,
310,6,64,2,5,4,RLCCA,1,7,15.0,10.0,640,140.0,14,374.0,5,1,1.0,1.0,5.823701870330522
311,7,64,2,5,4,RLCCA,1,8,20.0,10.0,640,0.0,0,0.0,0,1,1.0,1.0,
312,8,64,2,5,4,RLCCA,1,9,5.0,15.0,640,512.0,97,3200.0,18,0,1.0,1.0,5.713789700357096
313,9,64,2,5,4,RLCCA,1,10,10.0,15.0,640,464.0,91,2644.0,17,0,1.0,1.0,6.370936127770567
314,10,64,2,5,4,RLCCA,1,11,15.0,15.0,640,500.0,107,3188.0,17,2,1.0,1.0,5.635058346020204
315,11,64,2,5,4,RLCCA,1,12,20.0,15.0,640,560.0,93,2506.0,21,2,1.0,1.0,5.323902941603349
316,12,64,2,5,4,RLCCA,1,13,5.0,20.0,640,462.0,76,2296.0,17,0,1.0,1.0,4.963787862073751
317,13,64,2,5,4,RLCCA,1,14,10.0,20.0,640,0.0,0,0.0,0,0,1.0,1.0,
318,14,64,2,5,4,RLCCA,1,15,15.0,20.0,640,256.0,61,1584.0,10,2,1.0,1.0,6.285976387150014
319,15,64,2,5,4,RLCCA,1,16,20.0,20.0,640,0.0,0,0.0,0,2,1.0,1.0,
320,0,64,2,5,4,RLCCA,1,1,5.0,5.0,640,634.0,100,2948.0,22,3,1.0,1.0,5.326061600567473
321,1,64,2,5,4,RLCCA,1,2,10.0,5.0,640,338.0,73,1792.0,13,3,1.0,1.0,5.745191089610862
322,2,64,2,5,4,RLCCA,1,3,15.0,5.0,640,638.0,112,3170.0,23,1,1.0,1.0,5.297893447444092
323,3,64,2,5,4,RLCCA,1,4,20.0,5.0,640,572.0,71,2014.0,21,1,1.0,1.0,5.00505503166025
324,4,64,2,5,4,RLCCA,1,5,5.0,10.0,640,0.0,0,0.0,0,3,1.0,1.0,
325,5,64,2,5,4,RLCCA,1,6,10.0,10.0,640,0.0,0,0.0,0,3,1.0,1.0,
326,6,64,2,5,4,RLCCA,1,7,15.0,10.0,640,140.0,14,374.0,5,1,1.0,1.0,5.823701870330522
327,7,64,2,5,4,RLCCA,1,8,20.0,10.0,640,0.0,0,0.0,0,1,1.0,1.0,
328,8,64,2,5,4,RLCCA,1,9,5.0,15.0,640,512.0,97,3200.0,18,0,1.0,1.0,5.713789700357096
329,9,64,2,5,4,RLCCA,1,10,10.0,15.0,640,464.0,91,2644.0,17,0,1.0,1.0,6.370936127770567
330,10,64,2,5,4,RLCCA,1,11,15.0,15.0,640,500.0,107,3188.0,17,2,1.0,1.0,5.635058346020204
331,11,64,2,5,4,RLCCA,1,12,20.0,15.0,640,560.0,93,2506.0,21,2,1.0,1.0,5.323902941603349
332,12,64,2,5,4,RLCCA,1,13,5.0,20.0,640,462.0,76,2296.0,17,0,1.0,1.0,4.963787862073751
333,13,64,2,5,4,RLCCA,1,14,10.0,20.0,640,0.0,0,0.0,0,0,1.0,1.0,
334,14,64,2,5,4,RLCCA,1,15,15.0,20.0,640,256.0,61,1584.0,10,2,1.0,1.0,6.285976387150014
335,15,64,2,5,4,RLCCA,1,16,20.0,20.0,640,0.0,0,0.0,0,2,1.0,1.0,
336,0,64,2,5,4,RLCCA,1,1,5.0,5.0,640,634.0,100,2948.0,22,3,1.0,1.0,5.326061600567473
337,1,64,2,5,4,RLCCA,1,2,10.0,5.0,640,338.0,73,1792.0,13,3,1.0,1.0,5.745191089610862
338,2,64,2,5,4,RLCCA,1,3,15.0,5.0,640,638.0,112,3170.0,23,1,1.0,1.0,5.297893447444092
339,3,64,2,5,4,RLCCA,1,4,20.0,5.0,640,572.0,71,2014.0,21,1,1.0,1.0,5.00505503166025
340,4,64,2,5,4,RLCCA,1,5,5.0,10.0,640,0.0,0,0.0,0,3,1.0,1.0,
341,5,64,2,5,4,RLCCA,1,6,10.0,10.0,640,0.0,0,0.0,0,3,1.0,1.0,
342,6,64,2,5,4,RLCCA,1,7,15.0,10.0,640,140.0,14,374.0,5,1,1.0,1.0,5.823701870330522
343,7,64,2,5,4,RLCCA,1,8,20.0,10.0,640,0.0,0,0.0,0,1,1.0,1.0,
344,8,64,2,5,4,RLCCA,1,9,5.0,15.0,640,512.0,97,3200.0,18,0,1.0,1.0,5.713789700357096
345,9,64,2,5,4,RLCCA,1,10,10.0,15.0,640,464.0,91,2644.0,17,0,1.0,1.0,6.370936127770567
346,10,64,2,5,4,RLCCA,1,11,15.0,15.0,640,500.0,107,3188.0,17,2,1.0,1.0,5.635058346020204
347,11,64,2,5,4,RLCCA,1,12,20.0,15.0,640,560.0,93,2506.0,21,2,1.0,1.0,5.323902941603349
348,12,64,2,5,4,RLCCA,1,13,5.0,20.0,640,462.0,76,2296.0,17,0,1.0,1.0,4.963787862073751
349,13,64,2,5,4,RLCCA,1,14,10.0,20.0,640,0.0,0,0.0,0,0,1.0,1.0,
350,14,64,2,5,4,RLCCA,1,15,15.0,20.0,640,256.0,61,1584.0,10,2,1.0,1.0,6.285976387150014
351,15,64,2,5,4,RLCCA,1,16,20.0,20.0,640,0.0,0,0.0,0,2,1.0,1.0,
352,0,64,2,5,4,RLCCA,1,1,5.0,5.0,640,634.0,100,2948.0,22,3,1.0,1.0,5.326061600567473
353,1,64,2,5,4,RLCCA,1,2,10.0,5.0,640,338.0,73,1792.0,13,3,1.0,1.0,5.745191089610862
354,2,64,2,5,4,RLCCA,1,3,15.0,5.0,640,638.0,112,3170.0,23,1,1.0,1.0,5.297893447444092
355,3,64,2,5,4,RLCCA,1,4,20.0,5.0,640,572.0,71,2014.0,21,1,1.0,1.0,5.00505503166025
356,4,64,2,5,4,RLCCA,1,5,5.0,10.0,640,0.0,0,0.0,0,3,1.0,1.0,
357,5,64,2,5,4,RLCCA,1,6,10.0,10.0,640,0.0,0,0.0,0,3,1.0,1.0,
358,6,64,2,5,4,RLCCA,1,7,15.0,10.0,640,140.0,14,374.0,5,1,1.0,1.0,5.823701870330522
359,7,64,2,5,4,RLCCA,1,8,20.0,10.0,640,0.0,0,0.0,0,1,1.0,1.0,
360,8,64,2,5,4,RLCCA,1,9,5.0,15.0,640,512.0,97,3200.0,18,0,1.0,1.0,5.713789700357096
361,9,64,2,5,4,RLCCA,1,10,10.0,15.0,640,464.0,91,2644.0,17,0,1.0,1.0,6.370936127770567
362,10,64,2,5,4,RLCCA,1,11,15.0,15.0,640,500.0,107,3188.0,17,2,1.0,1.0,5.635058346020204
363,11,64,2,5,4,RLCCA,1,12,20.0,15.0,640,560.0,93,2506.0,21,2,1.0,1.0,5.323902941603349
364,12,64,2,5,4,RLCCA,1,13,5.0,20.0,640,462.0,76,2296.0,17,0,1.0,1.0,4.963787862073751
365,13,64,2,5,4,RLCCA,1,14,10.0,20.0,640,0.0,0,0.0,0,0,1.0,1.0,
366,14,64,2,5,4,RLCCA,1,15,15.0,20.0,640,256.0,61,1584.0,10,2,1.0,1.0,6.285976387150014
367,15,64,2,5,4,RLCCA,1,16,20.0,20.0,640,0.0,0,0.0,0,2,1.0,1.0,
368,0,64,2,5,4,RLCCA,1,1,5.0,5.0,640,634.0,100,2948.0,22,3,1.0,1.0,5.326061600567473
369,1,64,2,5,4,RLCCA,1,2,10.0,5.0,640,338.0,73,1792.0,13,3,1.0,1.0,5.745191089610862
370,2,64,2,5,4,RLCCA,1,3,15.0,5.0,640,638.0,112,3170.0,23,1,1.0,1.0,5.297893447444092
371,3,64,2,5,4,RLCCA,1,4,20.0,5.0,640,572.0,71,2014.0,21,1,1.0,1.0,5.00505503166025
372,4,64,2,5,4,RLCCA,1,5,5.0,10.0,640,0.0,0,0.0,0,3,1.0,1.0,
373,5,64,2,5,4,RLCCA,1,6,10.0,10.0,640,0.0,0,0.0,0,3,1.0,1.0,
374,6,64,2,5,4,RLCCA,1,7,15.0,10.0,640,140.0,14,374.0,5,1,1.0,1.0,5.823701870330522
375,7,64,2,5,4,RLCCA,1,8,20.0,10.0,640,0.0,0,0.0,0,1,1.0,1.0,
376,8,64,2,5,4,RLCCA,1,9,5.0,15.0,640,512.0,97,3200.0,18,0,1.0,1.0,5.713789700357096
377,9,64,2,5,4,RLCCA,1,10,10.0,15.0,640,464.0,91,2644.0,17,0,1.0,1.0,6.370936127770567
378,10,64,2,5,4,RLCCA,1,11,15.0,15.0,640,500.0,107,3188.0,17,2,1.0,1.0,5.635058346020204
379,11,64,2,5,4,RLCCA,1,12,20.0,15.0,640,560.0,93,2506.0,21,2,1.0,1.0,5.323902941603349
380,12,64,2,5,4,RLCCA,1,13,5.0,20.0,640,462.0,76,2296.0,17,0,1.0,1.0,4.963787862073751
381,13,64,2,5,4,RLCCA,1,14,10.0,20.0,640,0.0,0,0.0,0,0,1.0,1.0,
382,14,64,2,5,4,RLCCA,1,15,15.0,20.0,640,256.0,61,1584.0,10,2,1.0,1.0,6.285976387150014
383,15,64,2,5,4,RLCCA,1,16,20.0,20.0,640,0.0,0,0.0,0,2,1.0,1.0,
384,0,64,2,5,4,RLCCA,1,1,5.0,5.0,640,634.0,100,2948.0,22,3,1.0,1.0,5.326061600567473
385,1,64,2,5,4,RLCCA,1,2,10.0,5.0,640,338.0,73,1792.0,13,3,1.0,1.0,5.745191089610862
386,2,64,2,5,4,RLCCA,1,3,15.0,5.0,640,638.0,112,3170.0,23,1,1.0,1.0,5.297893447444092
387,3,64,2,5,4,RLCCA,1,4,20.0,5.0,640,572.0,71,2014.0,21,1,1.0,1.0,5.00505503166025
388,4,64,2,5,4,RLCCA,1,5,5.0,10.0,640,0.0,0,0.0,0,3,1.0,1.0,
389,5,64,2,5,4,RLCCA,1,6,10.0,10.0,640,0.0,0,0.0,0,3,1.0,1.0,
390,6,64,2,5,4,RLCCA,1,7,15.0,10.0,640,140.0,14,374.0,5,1,1.0,1.0,5.823701870330522
391,7,64,2,5,4,RLCCA,1,8,20.0,10.0,640,0.0,0,0.0,0,1,1.0,1.0,
392,8,64,2,5,4,RLCCA,1,9,5.0,15.0,640,512.0,97,3200.0,18,0,1.0,1.0,5.713789700357096
393,9,64,2,5,4,RLCCA,1,10,10.0,15.0,640,464.0,91,2644.0,17,0,1.0,1.0,6.370936127770567
394,10,64,2,5,4,RLCCA,1,11,15.0,15.0,640,500.0,107,3188.0,17,2,1.0,1.0,5.635058346020204
395,11,64,2,5,4,RLCCA,1,12,20.0,15.0,640,560.0,93,2506.0,21,2,1.0,1.0,5.323902941603349
396,12,64,2,5,4,RLCCA,1,13,5.0,20.0,640,462.0,76,2296.0,17,0,1.0,1.0,4.963787862073751
397,13,64,2,5,4,RLCCA,1,14,10.0,20.0,640,0.0,0,0.0,0,0,1.0,1.0,
398,14,64,2,5,4,RLCCA,1,15,15.0,20.0,640,256.0,61,1584.0,10,2,1.0,1.0,6.285976387150014
399,15,64,2,5,4,RLCCA,1,16,20.0,20.0,640,0.0,0,0.0,0,2,1.0,1.0,
400,0,64,2,5,4,RLCCA,1,1,5.0,5.0,640,634.0,100,2948.0,22,3,1.0,1.0,5.326061600567473
401,1,64,2,5,4,RLCCA,1,2,10.0,5.0,640,338.0,73,1792.0,13,3,1.0,1.0,5.745191089610862
402,2,64,2,5,4,RLCCA,1,3,15.0,5.0,640,638.0,112,3170.0,23,1,1.0,1.0,5.297893447444092
403,3,64,2,5,4,RLCCA,1,4,20.0,5.0,640,572.0,71,2014.0,21,1,1.0,1.0,5.00505503166025
404,4,64,2,5,4,RLCCA,1,5,5.0,10.0,640,0.0,0,0.0,0,3,1.0,1.0,
405,5,64,2,5,4,RLCCA,1,6,10.0,10.0,640,0.0,0,0.0,0,3,1.0,1.0,
406,6,64,2,5,4,RLCCA,1,7,15.0,10.0,640,140.0,14,374.0,5,1,1.0,1.0,5.823701870330522
407,7,64,2,5,4,RLCCA,1,8,20.0,10.0,640,0.0,0,0.0,0,1,1.0,1.0,
408,8,64,2,5,4,RLCCA,1,9,5.0,15.0,640,512.0,97,3200.0,18,0,1.0,1.0,5.713789700357096
409,9,64,2,5,4,RLCCA,1,10,10.0,15.0,640,464.0,91,2644.0,17,0,1.0,1.0,6.370936127770567
410,10,64,2,5,4,RLCCA,1,11,15.0,15.0,640,500.0,107,3188.0,17,2,1.0,1.0,5.635058346020204
411,11,64,2,5,4,RLCCA,1,12,20.0,15.0,640,560.0,93,2506.0,21,2,1.0,1.0,5.323902941603349
412,12,64,2,5,4,RLCCA,1,13,5.0,20.0,640,462.0,76,2296.0,17,0,1.0,1.0,4.963787862073751
413,13,64,2,5,4,RLCCA,1,14,10.0,20.0,640,0.0,0,0.0,0,0,1.0,1.0,
414,14,64,2,5,4,RLCCA,1,15,15.0,20.0,640,256.0,61,1584.0,10,2,1.0,1.0,6.285976387150014
415,15,64,2,5,4,RLCCA,1,16,20.0,20.0,640,0.0,0,0.0,0,2,1.0,1.0,
416,0,64,2,5,4,RLCCA,1,1,5.0,5.0,640,634.0,100,2948.0,22,3,1.0,1.0,5.326061600567473
417,1,64,2,5,4,RLCCA,1,2,10.0,5.0,640,338.0,73,1792.0,13,3,1.0,1.0,5.745191089610862
418,2,64,2,5,4,RLCCA,1,3,15.0,5.0,640,638.0,112,3170.0,23,1,1.0,1.0,5.297893447444092
419,3,64,2,5,4,RLCCA,1,4,20.0,5.0,640,572.0,71,2014.0,21,1,1.0,1.0,5.00505503166025
420,4,64,2,5,4,RLCCA,1,5,5.0,10.0,640,0.0,0,0.0,0,3,1.0,1.0,
421,5,64,2,5,4,RLCCA,1,6,10.0,10.0,640,0.0,0,0.0,0,3,1.0,1.0,
422,6,64,2,5,4,RLCCA,1,7,15.0,10.0,640,140.0,14,374.0,5,1,1.0,1.0,5.823701870330522
423,7,64,2,5,4,RLCCA,1,8,20.0,10.0,640,0.0,0,0.0,0,1,1.0,1.0,
424,8,64,2,5,4,RLCCA,1,9,5.0,15.0,640,512.0,97,3200.0,18,0,1.0,1.0,5.713789700357096
425,9,64,2,5,4,RLCCA,1,10,10.0,15.0,640,464.0,91,2644.0,17,0,1.0,1.0,6.370936127770567
426,10,64,2,5,4,RLCCA,1,11,15.0,15.0,640,500.0,107,3188.0,17,2,1.0,1.0,5.635058346020204
427,11,64,2,5,4,RLCCA,1,12,20.0,15.0,640,560.0,93,2506.0,21,2,1.0,1.0,5.323902941603349
428,12,64,2,5,4,RLCCA,1,13,5.0,20.0,640,462.0,76,2296.0,17,0,1.0,1.0,4.963787862073751
429,13,64,2,5,4,RLCCA,1,14,10.0,20.0,640,0.0,0,0.0,0,0,1.0,1.0,
430,14,64,2,5,4,RLCCA,1,15,15.0,20.0,640,256.0,61,1584.0,10,2,1.0,1.0,6.285976387150014
431,15,64,2,5,4,RLCCA,1,16,20.0,20.0,640,0.0,0,0.0,0,2,1.0,1.0,
432,0,64,2,5,4,RLCCA,1,1,5.0,5.0,640,634.0,100,2948.0,22,3,1.0,1.0,5.326061600567473
433,1,64,2,5,4,RLCCA,1,2,10.0,5.0,640,338.0,73,1792.0,13,3,1.0,1.0,5.745191089610862
434,2,64,2,5,4,RLCCA,1,3,15.0,5.0,640,638.0,112,3170.0,23,1,1.0,1.0,5.297893447444092
435,3,64,2,5,4,RLCCA,1,4,20.0,5.0,640,572.0,71,2014.0,21,1,1.0,1.0,5.00505503166025
436,4,64,2,5,4,RLCCA,1,5,5.0,10.0,640,0.0,0,0.0,0,3,1.0,1.0,
437,5,64,2,5,4,RLCCA,1,6,10.0,10.0,640,0.0,0,0.0,0,3,1.0,1.0,
438,6,64,2,5,4,RLCCA,1,7,15.0,10.0,640,140.0,14,374.0,5,1,1.0,1.0,5.823701870330522
439,7,64,2,5,4,RLCCA,1,8,20.0,10.0,640,0.0,0,0.0,0,1,1.0,1.0,
440,8,64,2,5,4,RLCCA,1,9,5.0,15.0,640,512.0,97,3200.0,18,0,1.0,1.0,5.713789700357096
441,9,64,2,5,4,RLCCA,1,10,10.0,15.0,640,464.0,91,2644.0,17,0,1.0,1.0,6.370936127770567
442,10,64,2,5,4,RLCCA,1,11,15.0,15.0,640,500.0,107,3188.0,17,2,1.0,1.0,5.635058346020204
443,11,64,2,5,4,RLCCA,1,12,20.0,15.0,640,560.0,93,2506.0,21,2,1.0,1.0,5.323902941603349
444,12,64,2,5,4,RLCCA,1,13,5.0,20.0,640,462.0,76,2296.0,17,0,1.0,1.0,4.963787862073751
445,13,64,2,5,4,RLCCA,1,14,10.0,20.0,640,0.0,0,0.0,0,0,1.0,1.0,
446,14,64,2,5,4,RLCCA,1,15,15.0,20.0,640,256.0,61,1584.0,10,2,1.0,1.0,6.285976387150014
447,15,64,2,5,4,RLCCA,1,16,20.0,20.0,640,0.0,0,0.0,0,2,1.0,1.0,
448,0,64,2,5,4,RLCCA,1,1,5.0,5.0,640,634.0,100,2948.0,22,3,1.0,1.0,5.326061600567473
449,1,64,2,5,4,RLCCA,1,2,10.0,5.0,640,338.0,73,1792.0,13,3,1.0,1.0,5.745191089610862
450,2,64,2,5,4,RLCCA,1,3,15.0,5.0,640,638.0,112,3170.0,23,1,1.0,1.0,5.297893447444092
451,3,64,2,5,4,RLCCA,1,4,20.0,5.0,640,572.0,71,2014.0,21,1,1.0,1.0,5.00505503166025
452,4,64,2,5,4,RLCCA,1,5,5.0,10.0,640,0.0,0,0.0,0,3,1.0,1.0,
453,5,64,2,5,4,RLCCA,1,6,10.0,10.0,640,0.0,0,0.0,0,3,1.0,1.0,
454,6,64,2,5,4,RLCCA,1,7,15.0,10.0,640,140.0,14,374.0,5,1,1.0,1.0,5.823701870330522
455,7,64,2,5,4,RLCCA,1,8,20.0,10.0,640,0.0,0,0.0,0,1,1.0,1.0,
456,8,64,2,5,4,RLCCA,1,9,5.0,15.0,640,512.0,97,3200.0,18,0,1.0,1.0,5.713789700357096
457,9,64,2,5,4,RLCCA,1,10,10.0,15.0,640,464.0,91,2644.0,17,0,1.0,1.0,6.370936127770567
458,10,64,2,5,4,RLCCA,1,11,15.0,15.0,640,500.0,107,3188.0,17,2,1.0,1.0,5.635058346020204
459,11,64,2,5,4,RLCCA,1,12,20.0,15.0,640,560.0,93,2506.0,21,2,1.0,1.0,5.323902941603349
460,12,64,2,5,4,RLCCA,1,13,5.0,20.0,640,462.0,76,2296.0,17,0,1.0,1.0,4.963787862073751
461,13,64,2,5,4,RLCCA,1,14,10.0,20.0,640,0.0,0,0.0,0,0,1.0,1.0,
462,14,64,2,5,4,RLCCA,1,15,15.0,20.0,640,256.0,61,1584.0,10,2,1.0,1.0,6.285976387150014
463,15,64,2,5,4,RLCCA,1,16,20.0,20.0,640,0.0,0,0.0,0,2,1.0,1.0,
464,0,64,2,5,4,RLCCA,1,1,5.0,5.0,640,634.0,100,2948.0,22,3,1.0,1.0,5.326061600567473
465,1,64,2,5,4,RLCCA,1,2,10.0,5.0,640,338.0,73,1792.0,13,3,1.0,1.0,5.745191089610862
466,2,64,2,5,4,RLCCA,1,3,15.0,5.0,640,638.0,112,3170.0,23,1,1.0,1.0,5.297893447444092
467,3,64,2,5,4,RLCCA,1,4,20.0,5.0,640,572.0,71,2014.0,21,1,1.0,1.0,5.00505503166025
468,4,64,2,5,4,RLCCA,1,5,5.0,10.0,640,0.0,0,0.0,0,3,1.0,1.0,
469,5,64,2,5,4,RLCCA,1,6,10.0,10.0,640,0.0,0,0.0,0,3,1.0,1.0,
470,6,64,2,5,4,RLCCA,1,7,15.0,10.0,640,140.0,14,374.0,5,1,1.0,1.0,5.823701870330522
471,7,64,2,5,4,RLCCA,1,8,20.0,10.0,640,0.0,0,0.0,0,1,1.0,1.0,
472,8,64,2,5,4,RLCCA,1,9,5.0,15.0,640,512.0,97,3200.0,18,0,1.0,1.0,5.713789700357096
473,9,64,2,5,4,RLCCA,1,10,10.0,15.0,640,464.0,91,2644.0,17,0,1.0,1.0,6.370936127770567
474,10,64,2,5,4,RLCCA,1,11,15.0,15.0,640,500.0,107,3188.0,17,2,1.0,1.0,5.635058346020204
475,11,64,2,5,4,RLCCA,1,12,20.0,15.0,640,560.0,93,2506.0,21,2,1.0,1.0,5.323902941603349
476,12,64,2,5,4,RLCCA,1,13,5.0,20.0,640,462.0,76,2296.0,17,0,1.0,1.0,4.963787862073751
477,13,64,2,5,4,RLCCA,1,14,10.0,20.0,640,0.0,0,0.0,0,0,1.0,1.0,
478,14,64,2,5,4,RLCCA,1,15,15.0,20.0,640,256.0,61,1584.0,10,2,1.0,1.0,6.285976387150014
479,15,64,2,5,4,RLCCA,1,16,20.0,20.0,640,0.0,0,0.0,0,2,1.0,1.0,
480,0,64,2,5,4,RLCCA,1,1,5.0,5.0,640,634.0,100,2948.0,22,3,1.0,1.0,5.326061600567473
481,1,64,2,5,4,RLCCA,1,2,10.0,5.0,640,338.0,73,1792.0,13,3,1.0,1.0,5.745191089610862
482,2,64,2,5,4,RLCCA,1,3,15.0,5.0,640,638.0,112,3170.0,23,1,1.0,1.0,5.297893447444092
483,3,64,2,5,4,RLCCA,1,4,20.0,5.0,640,572.0,71,2014.0,21,1,1.0,1.0,5.00505503166025
484,4,64,2,5,4,RLCCA,1,5,5.0,10.0,640,0.0,0,0.0,0,3,1.0,1.0,
485,5,64,2,5,4,RLCCA,1,6,10.0,10.0,640,0.0,0,0.0,0,3,1.0,1.0,
486,6,64,2,5,4,RLCCA,1,7,15.0,10.0,640,140.0,14,374.0,5,1,1.0,1.0,5.823701870330522
487,7,64,2,5,4,RLCCA,1,8,20.0,10.0,640,0.0,0,0.0,0,1,1.0,1.0,
488,8,64,2,5,4,RLCCA,1,9,5.0,15.0,640,512.0,97,3200.0,18,0,1.0,1.0,5.713789700357096
489,9,64,2,5,4,RLCCA,1,10,10.0,15.0,640,464.0,91,2644.0,17,0,1.0,1.0,6.370936127770567
490,10,64,2,5,4,RLCCA,1,11,15.0,15.0,640,500.0,107,3188.0,17,2,1.0,1.0,5.635058346020204
491,11,64,2,5,4,RLCCA,1,12,20.0,15.0,640,560.0,93,2506.0,21,2,1.0,1.0,5.323902941603349
492,12,64,2,5,4,RLCCA,1,13,5.0,20.0,640,462.0,76,2296.0,17,0,1.0,1.0,4.963787862073751
493,13,64,2,5,4,RLCCA,1,14,10.0,20.0,640,0.0,0,0.0,0,0,1.0,1.0,
494,14,64,2,5,4,RLCCA,1,15,15.0,20.0,640,256.0,61,1584.0,10,2,1.0,1.0,6.285976387150014
495,15,64,2,5,4,RLCCA,1,16,20.0,20.0,640,0.0,0,0.0,0,2,1.0,1.0,
496,0,64,2,5,4,RLCCA,1,1,5.0,5.0,640,634.0,100,2948.0,22,3,1.0,1.0,5.326061600567473
497,1,64,2,5,4,RLCCA,1,2,10.0,5.0,640,338.0,73,1792.0,13,3,1.0,1.0,5.745191089610862
498,2,64,2,5,4,RLCCA,1,3,15.0,5.0,640,638.0,112,3170.0,23,1,1.0,1.0,5.297893447444092
499,3,64,2,5,4,RLCCA,1,4,20.0,5.0,640,572.0,71,2014.0,21,1,1.0,1.0,5.00505503166025
500,4,64,2,5,4,RLCCA,1,5,5.0,10.0,640,0.0,0,0.0,0,3,1.0,1.0,
501,5,64,2,5,4,RLCCA,1,6,10.0,10.0,640,0.0,0,0.0,0,3,1.0,1.0,
502,6,64,2,5,4,RLCCA,1,7,15.0,10.0,640,140.0,14,374.0,5,1,1.0,1.0,5.823701870330522
503,7,64,2,5,4,RLCCA,1,8,20.0,10.0,640,0.0,0,0.0,0,1,1.0,1.0,
504,8,64,2,5,4,RLCCA,1,9,5.0,15.0,640,512.0,97,3200.0,18,0,1.0,1.0,5.713789700357096
505,9,64,2,5,4,RLCCA,1,10,10.0,15.0,640,464.0,91,2644.0,17,0,1.0,1.0,6.370936127770567
506,10,64,2,5,4,RLCCA,1,11,15.0,15.0,640,500.0,107,3188.0,17,2,1.0,1.0,5.635058346020204
507,11,64,2,5,4,RLCCA,1,12,20.0,15.0,640,560.0,93,2506.0,21,2,1.0,1.0,5.323902941603349
508,12,64,2,5,4,RLCCA,1,13,5.0,20.0,640,462.0,76,2296.0,17,0,1.0,1.0,4.963787862073751
509,13,64,2,5,4,RLCCA,1,14,10.0,20.0,640,0.0,0,0.0,0,0,1.0,1.0,
510,14,64,2,5,4,RLCCA,1,15,15.0,20.0,640,256.0,61,1584.0,10,2,1.0,1.0,6.285976387150014
511,15,64,2,5,4,RLCCA,1,16,20.0,20.0,640,0.0,0,0.0,0,2,1.0,1.0,
512,0,64,2,5,4,RLCCA,1,1,5.0,5.0,640,634.0,100,2948.0,22,3,1.0,1.0,5.326061600567473
513,1,64,2,5,4,RLCCA,1,2,10.0,5.0,640,338.0,73,1792.0,13,3,1.0,1.0,5.745191089610862
514,2,64,2,5,4,RLCCA,1,3,15.0,5.0,640,638.0,112,3170.0,23,1,1.0,1.0,5.297893447444092
515,3,64,2,5,4,RLCCA,1,4,20.0,5.0,640,572.0,71,2014.0,21,1,1.0,1.0,5.00505503166025
516,4,64,2,5,4,RLCCA,1,5,5.0,10.0,640,0.0,0,0.0,0,3,1.0,1.0,
517,5,64,2,5,4,RLCCA,1,6,10.0,10.0,640,0.0,0,0.0,0,3,1.0,1.0,
518,6,64,2,5,4,RLCCA,1,7,15.0,10.0,640,140.0,14,374.0,5,1,1.0,1.0,5.823701870330522
519,7,64,2,5,4,RLCCA,1,8,20.0,10.0,640,0.0,0,0.0,0,1,1.0,1.0,
520,8,64,2,5,4,RLCCA,1,9,5.0,15.0,640,512.0,97,3200.0,18,0,1.0,1.0,5.713789700357096
521,9,64,2,5,4,RLCCA,1,10,10.0,15.0,640,464.0,91,2644.0,17,0,1.0,1.0,6.370936127770567
522,10,64,2,5,4,RLCCA,1,11,15.0,15.0,640,500.0,107,3188.0,17,2,1.0,1.0,5.635058346020204
523,11,64,2,5,4,RLCCA,1,12,20.0,15.0,640,560.0,93,2506.0,21,2,1.0,1.0,5.323902941603349
524,12,64,2,5,4,RLCCA,1,13,5.0,20.0,640,462.0,76,2296.0,17,0,1.0,1.0,4.963787862073751
525,13,64,2,5,4,RLCCA,1,14,10.0,20.0,640,0.0,0,0.0,0,0,1.0,1.0,
526,14,64,2,5,4,RLCCA,1,15,15.0,20.0,640,256.0,61,1584.0,10,2,1.0,1.0,6.285976387150014
527,15,64,2,5,4,RLCCA,1,16,20.0,20.0,640,0.0,0,0.0,0,2,1.0,1.0,
528,0,64,2,5,4,RLCCA,1,1,5.0,5.0,640,634.0,100,2948.0,22,3,1.0,1.0,5.326061600567473
529,1,64,2,5,4,RLCCA,1,2,10.0,5.0,640,338.0,73,1792.0,13,3,1.0,1.0,5.745191089610862
530,2,64,2,5,4,RLCCA,1,3,15.0,5.0,640,638.0,112,3170.0,23,1,1.0,1.0,5.297893447444092
531,3,64,2,5,4,RLCCA,1,4,20.0,5.0,640,572.0,71,2014.0,21,1,1.0,1.0,5.00505503166025
532,4,64,2,5,4,RLCCA,1,5,5.0,10.0,640,0.0,0,0.0,0,3,1.0,1.0,
533,5,64,2,5,4,RLCCA,1,6,10.0,10.0,640,0.0,0,0.0,0,3,1.0,1.0,
534,6,64,2,5,4,RLCCA,1,7,15.0,10.0,640,140.0,14,374.0,5,1,1.0,1.0,5.823701870330522
535,7,64,2,5,4,RLCCA,1,8,20.0,10.0,640,0.0,0,0.0,0,1,1.0,1.0,
536,8,64,2,5,4,RLCCA,1,9,5.0,15.0,640,512.0,97,3200.0,18,0,1.0,1.0,5.713789700357096
537,9,64,2,5,4,RLCCA,1,10,10.0,15.0,640,464.0,91,2644.0,17,0,1.0,1.0,6.370936127770567
538,10,64,2,5,4,RLCCA,1,11,15.0,15.0,640,500.0,107,3188.0,17,2,1.0,1.0,5.635058346020204
539,11,64,2,5,4,RLCCA,1,12,20.0,15.0,640,560.0,93,2506.0,21,2,1.0,1.0,5.323902941603349
540,12,64,2,5,4,RLCCA,1,13,5.0,20.0,640,462.0,76,2296.0,17,0,1.0,1.0,4.963787862073751
541,13,64,2,5,4,RLCCA,1,14,10.0,20.0,640,0.0,0,0.0,0,0,1.0,1.0,
542,14,64,2,5,4,RLCCA,1,15,15.0,20.0,640,256.0,61,1584.0,10,2,1.0,1.0,6.285976387150014
543,15,64,2,5,4,RLCCA,1,16,20.0,20.0,640,0.0,0,0.0,0,2,1.0,1.0,
544,0,64,2,5,4,RLCCA,1,1,5.0,5.0,640,634.0,100,2948.0,22,3,1.0,1.0,5.326061600567473
545,1,64,2,5,4,RLCCA,1,2,10.0,5.0,640,338.0,73,1792.0,13,3,1.0,1.0,5.745191089610862
546,2,64,2,5,4,RLCCA,1,3,15.0,5.0,640,638.0,112,3170.0,23,1,1.0,1.0,5.297893447444092
547,3,64,2,5,4,RLCCA,1,4,20.0,5.0,640,572.0,71,2014.0,21,1,1.0,1.0,5.00505503166025
548,4,64,2,5,4,RLCCA,1,5,5.0,10.0,640,0.0,0,0.0,0,3,1.0,1.0,
549,5,64,2,5,4,RLCCA,1,6,10.0,10.0,640,0.0,0,0.0,0,3,1.0,1.0,
550,6,64,2,5,4,RLCCA,1,7,15.0,10.0,640,140.0,14,374.0,5,1,1.0,1.0,5.823701870330522
551,7,64,2,5,4,RLCCA,1,8,20.0,10.0,640,0.0,0,0.0,0,1,1.0,1.0,
552,8,64,2,5,4,RLCCA,1,9,5.0,15.0,640,512.0,97,3200.0,18,0,1.0,1.0,5.713789700357096
553,9,64,2,5,4,RLCCA,1,10,10.0,15.0,640,464.0,91,2644.0,17,0,1.0,1.0,6.370936127770567
554,10,64,2,5,4,RLCCA,1,11,15.0,15.0,640,500.0,107,3188.0,17,2,1.0,1.0,5.635058346020204
555,11,64,2,5,4,RLCCA,1,12,20.0,15.0,640,560.0,93,2506.0,21,2,1.0,1.0,5.323902941603349
556,12,64,2,5,4,RLCCA,1,13,5.0,20.0,640,462.0,76,2296.0,17,0,1.0,1.0,4.963787862073751
557,13,64,2,5,4,RLCCA,1,14,10.0,20.0,640,0.0,0,0.0,0,0,1.0,1.0,
558,14,64,2,5,4,RLCCA,1,15,15.0,20.0,640,256.0,61,1584.0,10,2,1.0,1.0,6.285976387150014
559,15,64,2,5,4,RLCCA,1,16,20.0,20.0,640,0.0,0,0.0,0,2,1.0,1.0,
560,0,64,2,5,4,RLCCA,1,1,5.0,5.0,640,634.0,100,2948.0,22,3,1.0,1.0,5.326061600567473
561,1,64,2,5,4,RLCCA,1,2,10.0,5.0,640,338.0,73,1792.0,13,3,1.0,1.0,5.745191089610862
562,2,64,2,5,4,RLCCA,1,3,15.0,5.0,640,638.0,112,3170.0,23,1,1.0,1.0,5.297893447444092
563,3,64,2,5,4,RLCCA,1,4,20.0,5.0,640,572.0,71,2014.0,21,1,1.0,1.0,5.00505503166025
564,4,64,2,5,4,RLCCA,1,5,5.0,10.0,640,0.0,0,0.0,0,3,1.0,1.0,
565,5,64,2,5,4,RLCCA,1,6,10.0,10.0,640,0.0,0,0.0,0,3,1.0,1.0,
566,6,64,2,5,4,RLCCA,1,7,15.0,10.0,640,140.0,14,374.0,5,1,1.0,1.0,5.823701870330522
567,7,64,2,5,4,RLCCA,1,8,20.0,10.0,640,0.0,0,0.0,0,1,1.0,1.0,
568,8,64,2,5,4,RLCCA,1,9,5.0,15.0,640,512.0,97,3200.0,18,0,1.0,1.0,5.713789700357096
569,9,64,2,5,4,RLCCA,1,10,10.0,15.0,640,464.0,91,2644.0,17,0,1.0,1.0,6.370936127770567
570,10,64,2,5,4,RLCCA,1,11,15.0,15.0,640,500.0,107,3188.0,17,2,1.0,1.0,5.635058346020204
571,11,64,2,5,4,RLCCA,1,12,20.0,15.0,640,560.0,93,2506.0,21,2,1.0,1.0,5.323902941603349
572,12,64,2,5,4,RLCCA,1,13,5.0,20.0,640,462.0,76,2296.0,17,0,1.0,1.0,4.963787862073751
573,13,64,2,5,4,RLCCA,1,14,10.0,20.0,640,0.0,0,0.0,0,0,1.0,1.0,
574,14,64,2,5,4,RLCCA,1,15,15.0,20.0,640,256.0,61,1584.0,10,2,1.0,1.0,6.285976387150014
575,15,64,2,5,4,RLCCA,1,16,20.0,20.0,640,0.0,0,0.0,0,2,1.0,1.0,
576,0,64,2,5,4,RLCCA,1,1,5.0,5.0,640,634.0,100,2948.0,22,3,1.0,1.0,5.326061600567473
577,1,64,2,5,4,RLCCA,1,2,10.0,5.0,640,338.0,73,1792.0,13,3,1.0,1.0,5.745191089610862
578,2,64,2,5,4,RLCCA,1,3,15.0,5.0,640,638.0,112,3170.0,23,1,1.0,1.0,5.297893447444092
579,3,64,2,5,4,RLCCA,1,4,20.0,5.0,640,572.0,71,2014.0,21,1,1.0,1.0,5.00505503166025
580,4,64,2,5,4,RLCCA,1,5,5.0,10.0,640,0.0,0,0.0,0,3,1.0,1.0,
581,5,64,2,5,4,RLCCA,1,6,10.0,10.0,640,0.0,0,0.0,0,3,1.0,1.0,
582,6,64,2,5,4,RLCCA,1,7,15.0,10.0,640,140.0,14,374.0,5,1,1.0,1.0,5.823701870330522
583,7,64,2,5,4,RLCCA,1,8,20.0,10.0,640,0.0,0,0.0,0,1,1.0,1.0,
584,8,64,2,5,4,RLCCA,1,9,5.0,15.0,640,512.0,97,3200.0,18,0,1.0,1.0,5.713789700357096
585,9,64,2,5,4,RLCCA,1,10,10.0,15.0,640,464.0,91,2644.0,17,0,1.0,1.0,6.370936127770567
586,10,64,2,5,4,RLCCA,1,11,15.0,15.0,640,500.0,107,3188.0,17,2,1.0,1.0,5.635058346020204
587,11,64,2,5,4,RLCCA,1,12,20.0,15.0,640,560.0,93,2506.0,21,2,1.0,1.0,5.323902941603349
588,12,64,2,5,4,RLCCA,1,13,5.0,20.0,640,462.0,76,2296.0,17,0,1.0,1.0,4.963787862073751
589,13,64,2,5,4,RLCCA,1,14,10.0,20.0,640,0.0,0,0.0,0,0,1.0,1.0,
590,14,64,2,5,4,RLCCA,1,15,15.0,20.0,640,256.0,61,1584.0,10,2,1.0,1.0,6.285976387150014
591,15,64,2,5,4,RLCCA,1,16,20.0,20.0,640,0.0,0,0.0,0,2,1.0,1.0,
592,0,64,2,5,4,RLCCA,1,1,5.0,5.0,640,634.0,100,2948.0,22,3,1.0,1.0,5.326061600567473
593,1,64,2,5,4,RLCCA,1,2,10.0,5.0,640,338.0,73,1792.0,13,3,1.0,1.0,5.745191089610862
594,2,64,2,5,4,RLCCA,1,3,15.0,5.0,640,638.0,112,3170.0,23,1,1.0,1.0,5.297893447444092
595,3,64,2,5,4,RLCCA,1,4,20.0,5.0,640,572.0,71,2014.0,21,1,1.0,1.0,5.00505503166025
596,4,64,2,5,4,RLCCA,1,5,5.0,10.0,640,0.0,0,0.0,0,3,1.0,1.0,
597,5,64,2,5,4,RLCCA,1,6,10.0,10.0,640,0.0,0,0.0,0,3,1.0,1.0,
598,6,64,2,5,4,RLCCA,1,7,15.0,10.0,640,140.0,14,374.0,5,1,1.0,1.0,5.823701870330522
599,7,64,2,5,4,RLCCA,1,8,20.0,10.0,640,0.0,0,0.0,0,1,1.0,1.0,
600,8,64,2,5,4,RLCCA,1,9,5.0,15.0,640,512.0,97,3200.0,18,0,1.0,1.0,5.713789700357096
601,9,64,2,5,4,RLCCA,1,10,10.0,15.0,640,464.0,91,2644.0,17,0,1.0,1.0,6.370936127770567
602,10,64,2,5,4,RLCCA,1,11,15.0,15.0,640,500.0,107,3188.0,17,2,1.0,1.0,5.635058346020204
603,11,64,2,5,4,RLCCA,1,12,20.0,15.0,640,560.0,93,2506.0,21,2,1.0,1.0,5.323902941603349
604,12,64,2,5,4,RLCCA,1,13,5.0,20.0,640,462.0,76,2296.0,17,0,1.0,1.0,4.963787862073751
605,13,64,2,5,4,RLCCA,1,14,10.0,20.0,640,0.0,0,0.0,0,0,1.0,1.0,
606,14,64,2,5,4,RLCCA,1,15,15.0,20.0,640,256.0,61,1584.0,10,2,1.0,1.0,6.285976387150014
607,15,64,2,5,4,RLCCA,1,16,20.0,20.0,640,0.0,0,0.0,0,2,1.0,1.0,
608,0,64,2,5,4,RLCCA,1,1,5.0,5.0,640,634.0,100,2948.0,22,3,1.0,1.0,5.326061600567473
609,1,64,2,5,4,RLCCA,1,2,10.0,5.0,640,338.0,73,1792.0,13,3,1.0,1.0,5.745191089610862
610,2,64,2,5,4,RLCCA,1,3,15.0,5.0,640,638.0,112,3170.0,23,1,1.0,1.0,5.297893447444092
611,3,64,2,5,4,RLCCA,1,4,20.0,5.0,640,572.0,71,2014.0,21,1,1.0,1.0,5.00505503166025
612,4,64,2,5,4,RLCCA,1,5,5.0,10.0,640,0.0,0,0.0,0,3,1.0,1.0,
613,5,64,2,5,4,RLCCA,1,6,10.0,10.0,640,0.0,0,0.0,0,3,1.0,1.0,
614,6,64,2,5,4,RLCCA,1,7,15.0,10.0,640,140.0,14,374.0,5,1,1.0,1.0,5.823701870330522
615,7,64,2,5,4,RLCCA,1,8,20.0,10.0,640,0.0,0,0.0,0,1,1.0,1.0,
616,8,64,2,5,4,RLCCA,1,9,5.0,15.0,640,512.0,97,3200.0,18,0,1.0,1.0,5.713789700357096
617,9,64,2,5,4,RLCCA,1,10,10.0,15.0,640,464.0,91,2644.0,17,0,1.0,1.0,6.370936127770567
618,10,64,2,5,4,RLCCA,1,11,15.0,15.0,640,500.0,107,3188.0,17,2,1.0,1.0,5.635058346020204
619,11,64,2,5,4,RLCCA,1,12,20.0,15.0,640,560.0,93,2506.0,21,2,1.0,1.0,5.323902941603349
620,12,64,2,5,4,RLCCA,1,13,5.0,20.0,640,462.0,76,2296.0,17,0,1.0,1.0,4.963787862073751
621,13,64,2,5,4,RLCCA,1,14,10.0,20.0,640,0.0,0,0.0,0,0,1.0,1.0,
622,14,64,2,5,4,RLCCA,1,15,15.0,20.0,640,256.0,61,1584.0,10,2,1.0,1.0,6.285976387150014
623,15,64,2,5,4,RLCCA,1,16,20.0,20.0,640,0.0,0,0.0,0,2,1.0,1.0,
624,0,64,2,5,4,RLCCA,1,1,5.0,5.0,640,634.0,100,2948.0,22,3,1.0,1.0,5.326061600567473
625,1,64,2,5,4,RLCCA,1,2,10.0,5.0,640,338.0,73,1792.0,13,3,1.0,1.0,5.745191089610862
626,2,64,2,5,4,RLCCA,1,3,15.0,5.0,640,638.0,112,3170.0,23,1,1.0,1.0,5.297893447444092
627,3,64,2,5,4,RLCCA,1,4,20.0,5.0,640,572.0,71,2014.0,21,1,1.0,1.0,5.00505503166025
628,4,64,2,5,4,RLCCA,1,5,5.0,10.0,640,0.0,0,0.0,0,3,1.0,1.0,
629,5,64,2,5,4,RLCCA,1,6,10.0,10.0,640,0.0,0,0.0,0,3,1.0,1.0,
630,6,64,2,5,4,RLCCA,1,7,15.0,10.0,640,140.0,14,374.0,5,1,1.0,1.0,5.823701870330522
631,7,64,2,5,4,RLCCA,1,8,20.0,10.0,640,0.0,0,0.0,0,1,1.0,1.0,
632,8,64,2,5,4,RLCCA,1,9,5.0,15.0,640,512.0,97,3200.0,18,0,1.0,1.0,5.713789700357096
633,9,64,2,5,4,RLCCA,1,10,10.0,15.0,640,464.0,91,2644.0,17,0,1.0,1.0,6.370936127770567
634,10,64,2,5,4,RLCCA,1,11,15.0,15.0,640,500.0,107,3188.0,17,2,1.0,1.0,5.635058346020204
635,11,64,2,5,4,RLCCA,1,12,20.0,15.0,640,560.0,93,2506.0,21,2,1.0,1.0,5.323902941603349
636,12,64,2,5,4,RLCCA,1,13,5.0,20.0,640,462.0,76,2296.0,17,0,1.0,1.0,4.963787862073751
637,13,64,2,5,4,RLCCA,1,14,10.0,20.0,640,0.0,0,0.0,0,0,1.0,1.0,
638,14,64,2,5,4,RLCCA,1,15,15.0,20.0,640,256.0,61,1584.0,10,2,1.0,1.0,6.285976387150014
639,15,64,2,5,4,RLCCA,1,16,20.0,20.0,640,0.0,0,0.0,0,2,1.0,1.0,
